X_Pos,Y_Pos,Status,Timestamp
0.0,0.0,Unhealthy Plant,0
0.0,0.0,Unhealthy Plant,0
-5.788431988211319e-19,1.65863228459907e-37,Unhealthy Plant,0
-5.839301755573502e-19,1.6867382489871714e-37,Unhealthy Plant,0
-5.87016824267721e-19,1.7038656042887722e-37,Unhealthy Plant,0
-5.913625503444845e-19,1.7278448782253767e-37,Unhealthy Plant,0
-5.941059192844023e-19,1.7429802948782635e-37,Unhealthy Plant,0
-5.9349789948858e-19,1.7396671562799931e-37,Unhealthy Plant,0
-5.979752718903932e-19,1.7642780473048764e-37,Unhealthy Plant,0
-6.020103065155664e-19,1.7862029165801581e-37,Unhealthy Plant,0
-6.091103115699909e-19,1.8244308451203064e-37,Unhealthy Plant,0
-6.122740895052865e-19,1.8413148595382683e-37,Unhealthy Plant,0
-6.112299271087779e-19,1.8356335278738515e-37,Unhealthy Plant,0
-6.237810805578842e-19,1.90347558185203e-37,Unhealthy Plant,0
-6.570594290447371e-19,2.0912666615466646e-37,Unhealthy Plant,0
-6.738630118921945e-19,2.187929028367956e-37,Unhealthy Plant,0
-6.986416341895551e-19,2.332750893956771e-37,Unhealthy Plant,0
-7.183042722326247e-19,2.446827119143526e-37,Unhealthy Plant,0
-7.315153748127876e-19,2.521804771281654e-37,Unhealthy Plant,0
-7.520107524795398e-19,2.635629763565082e-37,Unhealthy Plant,0
-7.688108459468428e-19,2.72684324092099e-37,Unhealthy Plant,0
-7.842888150088303e-19,2.8114076623956374e-37,Unhealthy Plant,0
-7.964600591005102e-19,2.878620202042251e-37,Unhealthy Plant,0
-8.209106398317231e-19,3.013612187284781e-37,Unhealthy Plant,0
-8.316216518800825e-19,3.072306509728138e-37,Unhealthy Plant,0
-8.486546538945112e-19,3.1656929657688058e-37,Unhealthy Plant,0
-8.679623782601345e-19,3.268934014276229e-37,Unhealthy Plant,0
-8.856270358747944e-19,3.361329779151491e-37,Unhealthy Plant,0
-9.055017634935432e-19,3.461737189882069e-37,Unhealthy Plant,0
-9.303742740473369e-19,3.583242954261166e-37,Unhealthy Plant,0
-9.483179176402825e-19,3.6696116245967126e-37,Unhealthy Plant,0
-9.690641080081688e-19,3.768616930634493e-37,Unhealthy Plant,0
-9.867961519828228e-19,3.850446157533024e-37,Unhealthy Plant,0
-1.0078237773720485e-18,3.945701110222097e-37,Unhealthy Plant,0
-1.0240696166589309e-18,4.0188937194212185e-37,Unhealthy Plant,0
-1.0359202992466482e-18,4.070653123791586e-37,Unhealthy Plant,0
-1.0427078863717318e-18,4.099128768763916e-37,Unhealthy Plant,0
-1.0436533357340509e-18,4.102782300677384e-37,Unhealthy Plant,0
-1.045800010370828e-18,4.111650297455275e-37,Unhealthy Plant,0
-1.0652477933062752e-18,4.191178069159257e-37,Unhealthy Plant,0
-1.0751773062960283e-18,4.2322396624412546e-37,Unhealthy Plant,0
-1.0897821686314992e-18,4.2940234884143676e-37,Unhealthy Plant,0
-1.1032604210496167e-18,4.351525301027905e-37,Unhealthy Plant,0
-1.1152322297002856e-18,4.402117278956232e-37,Unhealthy Plant,0
-1.1222272087906488e-18,4.432669733776576e-37,Unhealthy Plant,0
-1.1366930562149463e-18,4.498381931750277e-37,Unhealthy Plant,0
-1.1594450387645688e-18,4.599919583342707e-37,Unhealthy Plant,0
-1.1894554449928303e-18,4.7306446893640845e-37,Unhealthy Plant,0
-1.20108735359782e-18,4.780740059278157e-37,Unhealthy Plant,0
-1.2297920757451043e-18,4.9028071125879624e-37,Unhealthy Plant,0
-1.2399707194055018e-18,4.945340409935675e-37,Unhealthy Plant,0
-1.2479516717215281e-18,4.975258397113669e-37,Unhealthy Plant,0
-1.264265919889152e-18,5.032506938651583e-37,Unhealthy Plant,0
-1.2765182296049212e-18,5.069926822381603e-37,Unhealthy Plant,0
-1.2832722178895815e-18,5.08848196973043e-37,Unhealthy Plant,0
-1.3002481208979688e-18,5.129094619900799e-37,Unhealthy Plant,0
-1.3103969280591463e-18,5.1486303035056574e-37,Unhealthy Plant,0
-1.3325976212711534e-18,5.182313434103562e-37,Unhealthy Plant,0
-1.3443006005861965e-18,5.1940378650691845e-37,Unhealthy Plant,0
-1.3556523846219437e-18,5.202259003894867e-37,Unhealthy Plant,0
-1.3662595796165614e-18,5.206084791308647e-37,Unhealthy Plant,0
-1.3750263610797006e-18,5.206132992142973e-37,Unhealthy Plant,0
-1.3828522211838993e-18,5.2060492290660236e-37,Unhealthy Plant,0
-1.3865586837510632e-18,5.206056171306848e-37,Unhealthy Plant,0
-1.3967904022152699e-18,5.20594822603235e-37,Unhealthy Plant,0
-1.4030967820917987e-18,5.205915840127262e-37,Unhealthy Plant,0
-1.4123231481803737e-18,5.2057577933938126e-37,Unhealthy Plant,0
-1.427048375092179e-18,5.205624824865502e-37,Unhealthy Plant,0
-1.4351341152161282e-18,5.205525599067785e-37,Unhealthy Plant,0
-1.4369614339742856e-18,5.205680501973497e-37,Unhealthy Plant,0
-1.4412912828929046e-18,5.205696571778453e-37,Unhealthy Plant,0
-1.4443563038700123e-18,5.205673358423779e-37,Unhealthy Plant,0
-1.4557358786819708e-18,5.205533488041876e-37,Unhealthy Plant,0
-1.4630981904315211e-18,5.2055521707179185e-37,Unhealthy Plant,0
-1.4729772008346598e-18,5.205445758535947e-37,Unhealthy Plant,0
-1.481658150143353e-18,5.205257500892913e-37,Unhealthy Plant,0
-1.4919075465728972e-18,5.205256887091896e-37,Unhealthy Plant,0
-1.5030194662659616e-18,5.205051481253899e-37,Unhealthy Plant,0
-1.506366932758726e-18,5.205074085092005e-37,Unhealthy Plant,0
-1.5235324889808677e-18,5.20512714812654e-37,Unhealthy Plant,0
-1.528425341143888e-18,5.205023735050888e-37,Unhealthy Plant,0
-1.5367215022265412e-18,5.2048787403366626e-37,Unhealthy Plant,0
-1.5382972379488612e-18,5.204860565369534e-37,Unhealthy Plant,0
-1.5389525946330678e-18,5.204858348250944e-37,Unhealthy Plant,0
-1.5479949217588305e-18,5.204879993577934e-37,Unhealthy Plant,0
-1.5585709951688364e-18,5.204886693116316e-37,Unhealthy Plant,0
-1.562913667263791e-18,5.204824593954415e-37,Unhealthy Plant,0
-1.5757949798501485e-18,5.204683763081116e-37,Unhealthy Plant,0
-1.5755698725634219e-18,5.204659233626199e-37,Unhealthy Plant,0
-1.5788099158174085e-18,5.204480379628489e-37,Unhealthy Plant,0
-1.5874599641785132e-18,5.2043590753753545e-37,Unhealthy Plant,0
-1.5856927287169074e-18,5.204389738482698e-37,Unhealthy Plant,0
-1.5909223225539033e-18,5.204267353415038e-37,Unhealthy Plant,0
-1.600248359289313e-18,5.2043512780892516e-37,Unhealthy Plant,0
-1.6058552569258632e-18,5.204306372527906e-37,Unhealthy Plant,0
-1.6043354757486197e-18,5.204072454042248e-37,Unhealthy Plant,0
-1.6016759565032594e-18,5.204219195689774e-37,Unhealthy Plant,0
-1.6040406949637402e-18,5.204120876078066e-37,Unhealthy Plant,0
-1.6197465465219976e-18,5.204206699435045e-37,Unhealthy Plant,0
-1.6250480482187013e-18,5.204258816601149e-37,Unhealthy Plant,0
-1.6307668941746082e-18,5.204194532600926e-37,Unhealthy Plant,0
-1.6344391057234172e-18,5.204212840550218e-37,Unhealthy Plant,0
-1.6395211883569853e-18,5.2041297655231015e-37,Unhealthy Plant,0
-1.6457869117230688e-18,5.204068552799805e-37,Unhealthy Plant,0
-1.64953905904954e-18,5.204142348151265e-37,Unhealthy Plant,0
-1.6484559901089398e-18,5.204201821353935e-37,Unhealthy Plant,0
-1.6658244177302285e-18,5.204187158228547e-37,Unhealthy Plant,0
-1.6724914720434483e-18,5.204115643605715e-37,Unhealthy Plant,0
-1.6713949032234786e-18,5.2040625224869745e-37,Unhealthy Plant,0
-1.6723669678476401e-18,5.204099121742913e-37,Unhealthy Plant,0
-1.6795428764252497e-18,5.203880667352565e-37,Unhealthy Plant,0
-1.682908613211226e-18,5.203788329957931e-37,Unhealthy Plant,0
-1.684856609600394e-18,5.203833425531645e-37,Unhealthy Plant,0
-1.693093952849161e-18,5.203684740824671e-37,Unhealthy Plant,0
-1.6943516425365427e-18,5.2038534108132146e-37,Unhealthy Plant,0
-1.7020642582597975e-18,5.203832527330568e-37,Unhealthy Plant,0
-1.7019758705771133e-18,5.203863876328986e-37,Unhealthy Plant,0
-1.71240183771061e-18,5.203883832655059e-37,Unhealthy Plant,0
-1.7088964587324593e-18,5.2039794935676245e-37,Unhealthy Plant,0
-1.7180830408237995e-18,5.203945004630623e-37,Unhealthy Plant,0
-1.7191369183977967e-18,5.204098400475229e-37,Unhealthy Plant,0
-1.7265577320928618e-18,5.204097519772105e-37,Unhealthy Plant,0
-1.735256819636025e-18,5.204095150931269e-37,Unhealthy Plant,0
-1.7386332824375614e-18,5.204262656635272e-37,Unhealthy Plant,0
-1.7462416580338103e-18,5.2041206074343365e-37,Unhealthy Plant,0
-1.7497353043147513e-18,5.204234789158164e-37,Unhealthy Plant,0
-1.7616681108799075e-18,5.204304947643759e-37,Unhealthy Plant,0
-1.7598879869422233e-18,5.204293055032832e-37,Unhealthy Plant,0
-1.7719161717852693e-18,5.204319297976779e-37,Unhealthy Plant,0
-1.780592881202663e-18,5.2041335593760584e-37,Unhealthy Plant,0
-1.7865198433049965e-18,5.204091488267052e-37,Unhealthy Plant,0
-1.78920829915396e-18,5.203999241587334e-37,Unhealthy Plant,0
-1.7913257759201104e-18,5.203942758939582e-37,Unhealthy Plant,0
-1.7878995733083322e-18,5.203785059941947e-37,Unhealthy Plant,0
-1.7995399952827833e-18,5.203826323506757e-37,Unhealthy Plant,0
-1.8012373826464643e-18,5.20376721102406e-37,Unhealthy Plant,0
-1.793861035396777e-18,5.20377804902541e-37,Unhealthy Plant,0
-1.8063498978896037e-18,5.203134453341034e-37,Unhealthy Plant,0
-1.805392968454507e-18,5.2032497058274925e-37,Unhealthy Plant,0
-1.8122356795932345e-18,5.203344245634463e-37,Unhealthy Plant,0
-1.8180145248216895e-18,5.20329007643648e-37,Unhealthy Plant,0
-1.8214545748637116e-18,5.203378216350515e-37,Unhealthy Plant,0
-1.8216511763640758e-18,5.203356716221249e-37,Unhealthy Plant,0
-1.8235283927461916e-18,5.203422859196118e-37,Unhealthy Plant,0
-1.823818831823259e-18,5.203388835505095e-37,Unhealthy Plant,0
-1.8345228110296702e-18,5.203270857724494e-37,Unhealthy Plant,0
-1.8334933799032253e-18,5.203328955560133e-37,Unhealthy Plant,0
-1.8373021613242076e-18,5.203380480143688e-37,Unhealthy Plant,0
-1.8421885687081204e-18,5.203415320452586e-37,Unhealthy Plant,0
-1.8576342500565918e-18,5.203470858696569e-37,Unhealthy Plant,0
-1.85834673956168e-18,5.203417832679419e-37,Unhealthy Plant,0
-1.863522446676069e-18,5.203287085440695e-37,Unhealthy Plant,0
-1.8718510016312643e-18,5.202848326305647e-37,Unhealthy Plant,0
-1.8753942255949345e-18,5.202795382454752e-37,Unhealthy Plant,0
-1.877066263760286e-18,5.202712255268382e-37,Unhealthy Plant,0
-1.8806629437318874e-18,5.202637353589001e-37,Unhealthy Plant,0
-1.8920663929842885e-18,5.202695960463262e-37,Unhealthy Plant,0
-1.8922534194770288e-18,5.202666946782391e-37,Unhealthy Plant,0
-1.896584533267686e-18,5.202597822156108e-37,Unhealthy Plant,0
-1.9005254520082916e-18,5.202591787853849e-37,Unhealthy Plant,0
-1.908090425255154e-18,5.202503460908192e-37,Unhealthy Plant,0
-1.914240388015883e-18,5.2024828036263915e-37,Unhealthy Plant,0
-1.910451421595509e-18,5.202733628842467e-37,Unhealthy Plant,0
-1.9103662097651308e-18,5.2026668556135715e-37,Unhealthy Plant,0
-1.9143629120519168e-18,5.202710466358138e-37,Unhealthy Plant,0
-1.9179392639294633e-18,5.202635971184967e-37,Unhealthy Plant,0
-1.9225337745690013e-18,5.2026532128779245e-37,Unhealthy Plant,0
-1.930028108974994e-18,5.202531699313924e-37,Unhealthy Plant,0
-1.9390851566858517e-18,5.202429667080376e-37,Unhealthy Plant,0
-1.9463289919968673e-18,5.202311000852363e-37,Unhealthy Plant,0
-1.943878492951898e-18,5.202597610254272e-37,Unhealthy Plant,0
-1.9532457638418474e-18,5.2024495788588115e-37,Unhealthy Plant,0
-1.953998890193112e-18,5.202416210220441e-37,Unhealthy Plant,0
-1.9614300858131084e-18,5.202504751667403e-37,Unhealthy Plant,0
-1.9647348043713705e-18,5.202558983947064e-37,Unhealthy Plant,0
-1.9618751351053328e-18,5.202576437424843e-37,Unhealthy Plant,0
-1.971852841668033e-18,5.202606606999208e-37,Unhealthy Plant,0
-1.9746818229094095e-18,5.2026606404952275e-37,Unhealthy Plant,0
-1.9720115499579554e-18,5.202637750659686e-37,Unhealthy Plant,0
-1.9807681581221993e-18,5.202497342892841e-37,Unhealthy Plant,0
-1.979970954788493e-18,5.202698771751218e-37,Unhealthy Plant,0
-1.9809320294317746e-18,5.2025425954224005e-37,Unhealthy Plant,0
-1.9834079492906988e-18,5.2018339311971025e-37,Unhealthy Plant,0
-1.998311242828285e-18,5.193657340539562e-37,Unhealthy Plant,0
-1.9987859912111377e-18,5.1933284518344465e-37,Unhealthy Plant,0
-1.9982785738718376e-18,5.19389586599552e-37,Unhealthy Plant,0
-2.012068081458689e-18,5.181701228643819e-37,Unhealthy Plant,0
-2.0229686386854048e-18,5.170090648908533e-37,Unhealthy Plant,0
-2.0329342751666327e-18,5.156301285146138e-37,Unhealthy Plant,0
-2.04564334815996e-18,5.1366179278457705e-37,Unhealthy Plant,0
-2.0538497766860734e-18,5.122758165826492e-37,Unhealthy Plant,0
-2.053025970732726e-18,5.1241167493957e-37,Unhealthy Plant,0
-2.0620723935275903e-18,5.105809242890583e-37,Unhealthy Plant,0
-2.0694252987511216e-18,5.09041778502911e-37,Unhealthy Plant,0
-2.0843410194885673e-18,5.057032770590783e-37,Unhealthy Plant,0
-2.087640986642786e-18,5.0487692880795426e-37,Unhealthy Plant,0
-2.086475978353447e-18,5.051816460314726e-37,Unhealthy Plant,0
-2.0841777443756603e-18,5.05817376147823e-37,Unhealthy Plant,0
-2.091713114150008e-18,5.037249671946105e-37,Unhealthy Plant,0
-2.0999623408647865e-18,5.011520021099624e-37,Unhealthy Plant,0
-2.116084156254022e-18,4.9584225824291985e-37,Unhealthy Plant,0
-2.120111487368216e-18,4.9448470665411736e-37,Unhealthy Plant,0
-2.1341552955200588e-18,4.895287276997196e-37,Unhealthy Plant,0
-2.143805156747057e-18,4.858241283424051e-37,Unhealthy Plant,0
-2.1370173798302543e-18,4.8854781621723435e-37,Unhealthy Plant,0
-2.151464568426319e-18,4.823849568470104e-37,Unhealthy Plant,0
-2.1556671746290885e-18,4.805208548913996e-37,Unhealthy Plant,0
-2.1600832403886045e-18,4.785338638172802e-37,Unhealthy Plant,0
-2.1673732927128145e-18,4.751592076330056e-37,Unhealthy Plant,0
-2.1729543216026764e-18,4.725504367499078e-37,Unhealthy Plant,0
-2.1794524862825346e-18,4.694450397684649e-37,Unhealthy Plant,0
-2.181987136602755e-18,4.682086256369672e-37,Unhealthy Plant,0
-2.1861141362473474e-18,4.662008251110943e-37,Unhealthy Plant,0
-2.1938234058798305e-18,4.623578583387405e-37,Unhealthy Plant,0
-2.2007648466035295e-18,4.587869599440803e-37,Unhealthy Plant,0
-2.20365280290638e-18,4.572271228296341e-37,Unhealthy Plant,0
-2.2154478731567434e-18,4.507967331006625e-37,Unhealthy Plant,0
-2.228235452590578e-18,4.4346380367609716e-37,Unhealthy Plant,0
-2.2323832358172684e-18,4.410290652341941e-37,Unhealthy Plant,0
-2.241302949047118e-18,4.355392002978665e-37,Unhealthy Plant,0
-2.255748162621511e-18,4.265013644658579e-37,Unhealthy Plant,0
-2.253030646509923e-18,4.282701006733471e-37,Unhealthy Plant,0
-2.255784514185704e-18,4.264058692883172e-37,Unhealthy Plant,0
-2.263862516607173e-18,4.208830399869572e-37,Unhealthy Plant,0
-2.276701733002048e-18,4.117972350232424e-37,Unhealthy Plant,0
-2.2800110205833218e-18,4.0935671324479524e-37,Unhealthy Plant,0
-2.287997261926439e-18,4.033531823441312e-37,Unhealthy Plant,0
-2.3071101719030075e-18,3.8876608400032795e-37,Unhealthy Plant,0
-2.311007791103492e-18,3.857167123942835e-37,Unhealthy Plant,0
-2.3135394024232216e-18,3.837273486372728e-37,Unhealthy Plant,0
-2.3215698339322856e-18,3.772858369227447e-37,Unhealthy Plant,0
-2.3284604594355123e-18,3.7155604860744673e-37,Unhealthy Plant,0
-2.3393993474432537e-18,3.622816973073294e-37,Unhealthy Plant,0
-2.3462422547596667e-18,3.5633238843006517e-37,Unhealthy Plant,0
-2.3610050068129867e-18,3.431159833264219e-37,Unhealthy Plant,0
-2.369457859505568e-18,3.3536453531249123e-37,Unhealthy Plant,0
-2.384215366214032e-18,3.215830246549839e-37,Unhealthy Plant,0
-2.389730230200804e-18,3.1635721018744277e-37,Unhealthy Plant,0
-2.40389550764752e-18,3.026099972941505e-37,Unhealthy Plant,0
-2.4053315550479118e-18,3.0114215210484787e-37,Unhealthy Plant,0
-2.4162265253229054e-18,2.9017873214579273e-37,Unhealthy Plant,0
-2.4237820933563176e-18,2.823251550636178e-37,Unhealthy Plant,0
-2.4365214119502897e-18,2.6871305647032904e-37,Unhealthy Plant,0
-2.4484721186113445e-18,2.5568784981109725e-37,Unhealthy Plant,0
-2.4534525137073724e-18,2.501839057473627e-37,Unhealthy Plant,0
-2.465406066239115e-18,2.368686010055102e-37,Unhealthy Plant,0
-2.4719238859034756e-18,2.2938890460651756e-37,Unhealthy Plant,0
-2.4823231791926356e-18,2.173238055409139e-37,Unhealthy Plant,0
-2.4845329888044123e-18,2.147393038563916e-37,Unhealthy Plant,0
-2.497694835958533e-18,1.9899507822148727e-37,Unhealthy Plant,0
-2.5035122776260495e-18,1.9190072127543654e-37,Unhealthy Plant,0
-2.5103354448291175e-18,1.8344778051498033e-37,Unhealthy Plant,0
-2.5278392141010967e-18,1.6138402099590443e-37,Unhealthy Plant,0
-2.5395107742183803e-18,1.4636004236574426e-37,Unhealthy Plant,0
-2.5437379262015178e-18,1.4082340780847759e-37,Unhealthy Plant,0
-2.5511755969836324e-18,1.310250022978192e-37,Unhealthy Plant,0
-2.562735689343199e-18,1.1557485299768517e-37,Unhealthy Plant,0
-2.5733171469252205e-18,1.0110616576330718e-37,Unhealthy Plant,0
-2.5845158212784354e-18,8.550705976458309e-38,Unhealthy Plant,0
-2.5969557102017922e-18,6.790341141856694e-38,Unhealthy Plant,0
-2.606247339285069e-18,5.447739462451316e-38,Unhealthy Plant,0
-2.6139265201502718e-18,4.31473554551235e-38,Unhealthy Plant,0
-2.6244407751888786e-18,2.7518637222644455e-38,Unhealthy Plant,0
-2.63589241449947e-18,1.023338790620989e-38,Unhealthy Plant,0
-2.64465304006245e-18,-3.204828813603283e-39,Unhealthy Plant,0
-2.654796182804623e-18,-1.898182260454877e-38,Unhealthy Plant,0
-2.6636761276019096e-18,-3.3012098935132786e-38,Unhealthy Plant,0
-2.6740271880568733e-18,-4.956328537703308e-38,Unhealthy Plant,0
-2.6923231549781904e-18,-7.947322510615305e-38,Unhealthy Plant,0
-2.7020241790210144e-18,-9.55513779633127e-38,Unhealthy Plant,0
-2.7147097772225654e-18,-1.1675692170477925e-37,Unhealthy Plant,0
-2.7239138933403e-18,-1.3232719174244638e-37,Unhealthy Plant,0
-2.731446325227785e-18,-1.4520042944257011e-37,Unhealthy Plant,0
-2.7376915562479985e-18,-1.5605888523515705e-37,Unhealthy Plant,0
-2.7494915917856267e-18,-1.7671916497267128e-37,Unhealthy Plant,0
-2.7540863177044163e-18,-1.8489063968530127e-37,Unhealthy Plant,0
-2.762382557632551e-18,-1.998678075662482e-37,Unhealthy Plant,0
-2.7727774200613963e-18,-2.1886706240104184e-37,Unhealthy Plant,0
-2.7868730006562944e-18,-2.4500932922105494e-37,Unhealthy Plant,0
-2.797629643242796e-18,-2.6521250898705944e-37,Unhealthy Plant,0
-2.8140409101493066e-18,-2.9651601013651e-37,Unhealthy Plant,0
-2.8289218500753472e-18,-3.2518193678130114e-37,Unhealthy Plant,0
-2.8502708139154675e-18,-3.669687626320165e-37,Unhealthy Plant,0
-2.8596446380053147e-18,-3.8562009883264e-37,Unhealthy Plant,0
-2.875337678163331e-18,-4.1729445900426235e-37,Unhealthy Plant,0
-2.8935589054499797e-18,-4.544929418771141e-37,Unhealthy Plant,0
-2.9049037230417278e-18,-4.781325520490768e-37,Unhealthy Plant,0
-2.9252774718752567e-18,-5.213338457359734e-37,Unhealthy Plant,0
-2.9396490443403563e-18,-5.521810006852115e-37,Unhealthy Plant,0
-2.9495488581905564e-18,-5.736056060224671e-37,Unhealthy Plant,0
-2.9608478909862817e-18,-5.9842893371005326e-37,Unhealthy Plant,0
-2.975753456567764e-18,-6.317264163424625e-37,Unhealthy Plant,0
-2.9848325149682366e-18,-6.5223388371532935e-37,Unhealthy Plant,0
-2.998617061621177e-18,-6.838110900274022e-37,Unhealthy Plant,0
-3.0064778886856643e-18,-7.019787482732572e-37,Unhealthy Plant,0
-3.0212080933684494e-18,-7.3660608683760475e-37,Unhealthy Plant,0
-3.034041427433244e-18,-7.670988098500233e-37,Unhealthy Plant,0
-3.0442643052808895e-18,-7.916599087634602e-37,Unhealthy Plant,0
-3.0645571107372163e-18,-8.409952734400135e-37,Unhealthy Plant,0
-3.0742204017647444e-18,-8.648722157273337e-37,Unhealthy Plant,0
-3.0874424921138487e-18,-8.978867599509748e-37,Unhealthy Plant,0
-3.0982323269931304e-18,-9.251402118619604e-37,Unhealthy Plant,0
-3.1079248271485028e-18,-9.49841285984647e-37,Unhealthy Plant,0
-3.1291159110853616e-18,-1.0044918329549209e-36,Unhealthy Plant,0
-3.1397559856698324e-18,-1.0322027952479666e-36,Unhealthy Plant,0
-3.1592686698684407e-18,-1.0835778784613145e-36,Unhealthy Plant,0
-3.1701265137901884e-18,-1.112479975704124e-36,Unhealthy Plant,0
-3.180020658991678e-18,-1.1391239769074745e-36,Unhealthy Plant,0
-3.197186636604107e-18,-1.186015205901495e-36,Unhealthy Plant,0
-3.2081999748616577e-18,-1.2164656818358515e-36,Unhealthy Plant,0
-3.2206305294129355e-18,-1.251433409086175e-36,Unhealthy Plant,0
-3.2401033666735438e-18,-1.3069370938877217e-36,Unhealthy Plant,0
-3.2528316702202984e-18,-1.3435050954496416e-36,Unhealthy Plant,0
-3.2696864640304403e-18,-1.3925408728994976e-36,Unhealthy Plant,0
-3.2785581821464543e-18,-1.418714399813444e-36,Unhealthy Plant,0
-3.302093233599347e-18,-1.4889874346059927e-36,Unhealthy Plant,0
-3.3113254857528394e-18,-1.5169584569261137e-36,Unhealthy Plant,0
-3.328015456329196e-18,-1.5682101185201055e-36,Unhealthy Plant,0
-3.3430861643443117e-18,-1.6152211225745364e-36,Unhealthy Plant,0
-3.349804997339452e-18,-1.6364094849590113e-36,Unhealthy Plant,0
-3.368472219918497e-18,-1.6960092909095263e-36,Unhealthy Plant,0
-3.3770058902920103e-18,-1.723715785949811e-36,Unhealthy Plant,0
-3.3893111798167682e-18,-1.7640254013228577e-36,Unhealthy Plant,0
-3.4098805886224415e-18,-1.8324466482610243e-36,Unhealthy Plant,0
-3.430327934883071e-18,-1.9015332084887806e-36,Unhealthy Plant,0
-3.434536301483015e-18,-1.915952989705726e-36,Unhealthy Plant,0
-3.441651216319033e-18,-1.940481893758805e-36,Unhealthy Plant,0
-3.4515885210329766e-18,-1.9749999050877544e-36,Unhealthy Plant,0
-3.45819687450286e-18,-1.9979532652096945e-36,Unhealthy Plant,0
-3.471101050864906e-18,-2.0428998285984912e-36,Unhealthy Plant,0
-3.475556577314094e-18,-2.0584111799041964e-36,Unhealthy Plant,0
-3.483069160755671e-18,-2.084625444767832e-36,Unhealthy Plant,0
-3.496877019410346e-18,-2.132951971973214e-36,Unhealthy Plant,0
-3.505666268616514e-18,-2.1637490282440443e-36,Unhealthy Plant,0
-3.5204825962990186e-18,-2.2155974103147645e-36,Unhealthy Plant,0
-3.5300985201119735e-18,-2.249261946290073e-36,Unhealthy Plant,0
-3.543034284402781e-18,-2.2946176866909645e-36,Unhealthy Plant,0
-3.5509934174473086e-18,-2.322587065272596e-36,Unhealthy Plant,0
-3.558220049761576e-18,-2.348027770663278e-36,Unhealthy Plant,0
-3.568736684839813e-18,-2.385105726516255e-36,Unhealthy Plant,0
-3.573955755547645e-18,-2.4034481707153822e-36,Unhealthy Plant,0
-3.586717445782939e-18,-2.4485033498751738e-36,Unhealthy Plant,0
-3.599936644471329e-18,-2.4952243087349575e-36,Unhealthy Plant,0
-3.602903309405377e-18,-2.5057149216989033e-36,Unhealthy Plant,0
-3.606773173646779e-18,-2.5194095124637024e-36,Unhealthy Plant,0
-3.6201529527450655e-18,-2.566838649300675e-36,Unhealthy Plant,0
-3.627027467809053e-18,-2.5912357552657366e-36,Unhealthy Plant,0
-3.635001240771258e-18,-2.619594930798529e-36,Unhealthy Plant,0
-3.63715554501642e-18,-2.6272818116997528e-36,Unhealthy Plant,0
-3.652045264264918e-18,-2.6806254266090252e-36,Unhealthy Plant,0
-3.659899458189036e-18,-2.7088250394211614e-36,Unhealthy Plant,0
-3.669161866347035e-18,-2.742258578569121e-36,Unhealthy Plant,0
-3.6768505901223375e-18,-2.7701019576629497e-36,Unhealthy Plant,0
-3.6822563121596095e-18,-2.7897322877264935e-36,Unhealthy Plant,0
-3.685423330234354e-18,-2.8012920263459992e-36,Unhealthy Plant,0
-3.690301305509194e-18,-2.819137498850344e-36,Unhealthy Plant,0
-3.694910990141291e-18,-2.83605980473092e-36,Unhealthy Plant,0
-3.695358830464707e-18,-2.837659897982359e-36,Unhealthy Plant,0
-3.699426555781968e-18,-2.8526967317148803e-36,Unhealthy Plant,0
-3.7091821207432626e-18,-2.8888256200079656e-36,Unhealthy Plant,0
-3.71954595466522e-18,-2.9272669187856976e-36,Unhealthy Plant,0
-3.724670109235738e-18,-2.9463726468437748e-36,Unhealthy Plant,0
-3.731173198172126e-18,-2.9707518237348566e-36,Unhealthy Plant,0
-3.734733772984743e-18,-2.984128938296395e-36,Unhealthy Plant,0
-3.744487011315905e-18,-3.020896510693236e-36,Unhealthy Plant,0
-3.755522312110859e-18,-3.0627067700703594e-36,Unhealthy Plant,0
-3.7570410777140136e-18,-3.068473271129238e-36,Unhealthy Plant,0
-3.7585571542564895e-18,-3.074255825943965e-36,Unhealthy Plant,0
-3.768481820325846e-18,-3.112345611977667e-36,Unhealthy Plant,0
-3.779873843689938e-18,-3.15623219619918e-36,Unhealthy Plant,0
-3.7893609048043734e-18,-3.19281727260322e-36,Unhealthy Plant,0
-3.8027019041851035e-18,-3.24428718836882e-36,Unhealthy Plant,0
-3.801020897783036e-18,-3.237739810090806e-36,Unhealthy Plant,0
-3.802245520318661e-18,-3.242525060678792e-36,Unhealthy Plant,0
-3.813377081590357e-18,-3.286088513357801e-36,Unhealthy Plant,0
-3.822170796821671e-18,-3.320598604397894e-36,Unhealthy Plant,0
-3.83021334125006e-18,-3.3523440556837086e-36,Unhealthy Plant,0
-3.834583732478451e-18,-3.3696296481128327e-36,Unhealthy Plant,0
-3.840628692704563e-18,-3.3935800882395554e-36,Unhealthy Plant,0
-3.849913597401311e-18,-3.430439007338503e-36,Unhealthy Plant,0
-3.855796599273013e-18,-3.453870342804088e-36,Unhealthy Plant,0
-3.866337920327981e-18,-3.495927557991088e-36,Unhealthy Plant,0
-3.8723298714020975e-18,-3.519911097343212e-36,Unhealthy Plant,0
-3.880208821697562e-18,-3.551592593723079e-36,Unhealthy Plant,0
-3.885395603384951e-18,-3.572572824399376e-36,Unhealthy Plant,0
-3.8985292102028514e-18,-3.626105411400468e-36,Unhealthy Plant,0
-3.907840619124253e-18,-3.664216830778858e-36,Unhealthy Plant,0
-3.918603330913755e-18,-3.708469228800068e-36,Unhealthy Plant,0
-3.921803150087818e-18,-3.721686341035298e-36,Unhealthy Plant,0
-3.9299659336905305e-18,-3.755436959553205e-36,Unhealthy Plant,0
-3.9331746274480406e-18,-3.768714511067908e-36,Unhealthy Plant,0
-3.939360440153749e-18,-3.794341451743909e-36,Unhealthy Plant,0
-3.96063267457975e-18,-3.882730751392641e-36,Unhealthy Plant,0
-3.974495540285787e-18,-3.940624596355177e-36,Unhealthy Plant,0
-3.9928186439716884e-18,-4.017311150781568e-36,Unhealthy Plant,0
-4.001863766722405e-18,-4.055337043018344e-36,Unhealthy Plant,0
-4.0095432526861455e-18,-4.08778268527415e-36,Unhealthy Plant,0
-4.018315521931288e-18,-4.12500482298479e-36,Unhealthy Plant,0
-4.02504355570085e-18,-4.153656575486833e-36,Unhealthy Plant,0
-4.03360375280611e-18,-4.19025293311096e-36,Unhealthy Plant,0
-4.054672294074552e-18,-4.2807937328020645e-36,Unhealthy Plant,0
-4.06540285347427e-18,-4.32714238171504e-36,Unhealthy Plant,0
-4.072997766047014e-18,-4.360089886470834e-36,Unhealthy Plant,0
-4.0882321919418346e-18,-4.4265014751414984e-36,Unhealthy Plant,0
-4.096373672290646e-18,-4.462221580912238e-36,Unhealthy Plant,0
-4.107217289275324e-18,-4.509954436481296e-36,Unhealthy Plant,0
-4.117975571204692e-18,-4.5576613462741466e-36,Unhealthy Plant,0
-4.132184877118966e-18,-4.620931681694124e-36,Unhealthy Plant,0
-4.147043122537615e-18,-4.687381550850187e-36,Unhealthy Plant,0
-4.147889932327491e-18,-4.691170915121125e-36,Unhealthy Plant,0
-4.163411406995714e-18,-4.76094413045951e-36,Unhealthy Plant,0
-4.168363813976614e-18,-4.783320113162973e-36,Unhealthy Plant,0
-4.182530198444171e-18,-4.84754686165438e-36,Unhealthy Plant,0
-4.196208760268099e-18,-4.91002806142943e-36,Unhealthy Plant,0
-4.194124358840344e-18,-4.900459247020776e-36,Unhealthy Plant,0
-4.204818467294175e-18,-4.949626131704618e-36,Unhealthy Plant,0
-4.2072987718361646e-18,-4.961080554538258e-36,Unhealthy Plant,0
-4.224832088822124e-18,-5.042401787728821e-36,Unhealthy Plant,0
-4.228890219342551e-18,-5.0613725368500285e-36,Unhealthy Plant,0
-4.245087611849223e-18,-5.1372366237774116e-36,Unhealthy Plant,0
-4.245963491372928e-18,-5.141316226274423e-36,Unhealthy Plant,0
-4.259028877630416e-18,-5.202872490550152e-36,Unhealthy Plant,0
-4.2724241933310766e-18,-5.266338238754481e-36,Unhealthy Plant,0
-4.2844626812614756e-18,-5.3235999211798574e-36,Unhealthy Plant,0
-4.299806478983512e-18,-5.396964832841396e-36,Unhealthy Plant,0
-4.31226424654109e-18,-5.456790699250067e-36,Unhealthy Plant,0
-4.329577056559245e-18,-5.5402507636095414e-36,Unhealthy Plant,0
-4.341269212208925e-18,-5.5969134896270015e-36,Unhealthy Plant,0
-4.349920049926952e-18,-5.6390115486730106e-36,Unhealthy Plant,0
-4.3712239925512766e-18,-5.74330751451561e-36,Unhealthy Plant,0
-4.378227333937939e-18,-5.777757337237937e-36,Unhealthy Plant,0
-4.389175172880875e-18,-5.831839968378337e-36,Unhealthy Plant,0
-4.39520625351603e-18,-5.8617619974740905e-36,Unhealthy Plant,0
-4.402492243448076e-18,-5.898023288044281e-36,Unhealthy Plant,0
-4.407721259010592e-18,-5.924127683487003e-36,Unhealthy Plant,0
-4.4199884620371026e-18,-5.985561919900663e-36,Unhealthy Plant,0
-4.437084199079165e-18,-6.071516154984642e-36,Unhealthy Plant,0
-4.440347184641132e-18,-6.087987278205963e-36,Unhealthy Plant,0
-4.458431214782769e-18,-6.179823593660963e-36,Unhealthy Plant,0
-4.4716402755340525e-18,-6.247247440545622e-36,Unhealthy Plant,0
-4.48139269747846e-18,-6.297150241596987e-36,Unhealthy Plant,0
-4.500324565194321e-18,-6.394500242814791e-36,Unhealthy Plant,0
-4.512119066360687e-18,-6.45536139828825e-36,Unhealthy Plant,0
-4.517894627901093e-18,-6.485272536495643e-36,Unhealthy Plant,0
-4.5335134050249574e-18,-6.56644977199591e-36,Unhealthy Plant,0
-4.546501869804703e-18,-6.63438820358448e-36,Unhealthy Plant,0
-4.56606809683942e-18,-6.737172401304229e-36,Unhealthy Plant,0
-4.573977150615311e-18,-6.778905695091313e-36,Unhealthy Plant,0
-4.582910074093859e-18,-6.826216896355694e-36,Unhealthy Plant,0
-4.594611736429394e-18,-6.888420250253501e-36,Unhealthy Plant,0
-4.605812441268164e-18,-6.948376806558455e-36,Unhealthy Plant,0
-4.623957181243134e-18,-7.045609442154918e-36,Unhealthy Plant,0
-4.642142183963278e-18,-7.143488334200498e-36,Unhealthy Plant,0
-4.652316003067946e-18,-7.198494935199459e-36,Unhealthy Plant,0
-4.671796518755267e-18,-7.304682017379401e-36,Unhealthy Plant,0
-4.68508707649319e-18,-7.377523372530692e-36,Unhealthy Plant,0
-4.693688005224679e-18,-7.424863570156312e-36,Unhealthy Plant,0
-4.7154566525145684e-18,-7.545193013046884e-36,Unhealthy Plant,0
-4.728826676216955e-18,-7.619175388496289e-36,Unhealthy Plant,0
-4.7490084769489786e-18,-7.731492649727056e-36,Unhealthy Plant,0
-4.7614686880785835e-18,-7.801308538359459e-36,Unhealthy Plant,0
-4.7774937363141806e-18,-7.891302620552672e-36,Unhealthy Plant,0
-4.779218540600532e-18,-7.900989249252344e-36,Unhealthy Plant,0
-4.790867116234829e-18,-7.966758408725756e-36,Unhealthy Plant,0
-4.803379171531702e-18,-8.037676206328605e-36,Unhealthy Plant,0
-4.8193483802734e-18,-8.128277972252886e-36,Unhealthy Plant,0
-4.834869019220567e-18,-8.216620568122465e-36,Unhealthy Plant,0
-4.856607799021133e-18,-8.341378609923012e-36,Unhealthy Plant,0
-4.866396009907128e-18,-8.397750673805559e-36,Unhealthy Plant,0
-4.88424996479398e-18,-8.500956534279093e-36,Unhealthy Plant,0
-4.905589187541858e-18,-8.624881366000095e-36,Unhealthy Plant,0
-4.919177065437401e-18,-8.70414262009068e-36,Unhealthy Plant,0
-4.929486196339833e-18,-8.764420282099164e-36,Unhealthy Plant,0
-4.949843720369729e-18,-8.884144536757556e-36,Unhealthy Plant,0
-4.9564235882186195e-18,-8.923177830986751e-36,Unhealthy Plant,0
-4.982125451618814e-18,-9.075927997425356e-36,Unhealthy Plant,0
-4.9926741109590895e-18,-9.138971889719756e-36,Unhealthy Plant,0
-5.002755372316808e-18,-9.199530959865796e-36,Unhealthy Plant,0
-5.029380363264741e-18,-9.360145837025401e-36,Unhealthy Plant,0
-5.052471546664473e-18,-9.500161133762575e-36,Unhealthy Plant,0
-5.063979969188511e-18,-9.570249855543811e-36,Unhealthy Plant,0
-5.096117587298323e-18,-9.766761148211142e-36,Unhealthy Plant,0
-5.107393184356357e-18,-9.835965109163077e-36,Unhealthy Plant,0
-5.126850326184966e-18,-9.956011661002137e-36,Unhealthy Plant,0
-5.144683402908933e-18,-1.0066666412038107e-35,Unhealthy Plant,0
-5.149464227885657e-18,-1.0096461055708868e-35,Unhealthy Plant,0
-5.171328856630873e-18,-1.0233233549914323e-35,Unhealthy Plant,0
-5.1875029942580074e-18,-1.0334998513961237e-35,Unhealthy Plant,0
-5.199307861480385e-18,-1.0409753704258257e-35,Unhealthy Plant,0
-5.20609873117698e-18,-1.0452957833181379e-35,Unhealthy Plant,0
-5.229126982283845e-18,-1.060003693423869e-35,Unhealthy Plant,0
-5.248398735571412e-18,-1.0723587108858381e-35,Unhealthy Plant,0
-5.2580006755691325e-18,-1.0785451509629073e-35,Unhealthy Plant,0
-5.275795978150668e-18,-1.0900653315416333e-35,Unhealthy Plant,0
-5.2890991642632455e-18,-1.0987183517297701e-35,Unhealthy Plant,0
-5.311826562277557e-18,-1.113611570655825e-35,Unhealthy Plant,0
-5.328945652957481e-18,-1.1248910750074664e-35,Unhealthy Plant,0
-5.338394938126743e-18,-1.1311443765393144e-35,Unhealthy Plant,0
-5.3552157545297944e-18,-1.1423367062549355e-35,Unhealthy Plant,0
-5.3729837064949656e-18,-1.1542168352950839e-35,Unhealthy Plant,0
-5.398499790232776e-18,-1.1713812254117885e-35,Unhealthy Plant,0
-5.4176331956377815e-18,-1.1843269631578503e-35,Unhealthy Plant,0
-5.43570250477063e-18,-1.1966154584622276e-35,Unhealthy Plant,0
-5.4488376258140715e-18,-1.2055842404557546e-35,Unhealthy Plant,0
-5.4729063598965255e-18,-1.2221421123546347e-35,Unhealthy Plant,0
-5.490578749710046e-18,-1.2344023782751283e-35,Unhealthy Plant,0
-5.496965695916307e-18,-1.238843314967606e-35,Unhealthy Plant,0
-5.513091021237357e-18,-1.2501112484612602e-35,Unhealthy Plant,0
-5.538696581918849e-18,-1.268086521217516e-35,Unhealthy Plant,0
-5.5561858954932146e-18,-1.2804224793168828e-35,Unhealthy Plant,0
-5.565994317286063e-18,-1.2873732279582111e-35,Unhealthy Plant,0
-5.587250843502226e-18,-1.3024954990425578e-35,Unhealthy Plant,0
-5.600420554875499e-18,-1.3119170004864536e-35,Unhealthy Plant,0
-5.6189849983066395e-18,-1.3252546740855138e-35,Unhealthy Plant,0
-5.637327562005244e-18,-1.3384661487064364e-35,Unhealthy Plant,0
-5.6557755254311e-18,-1.3518303155141147e-35,Unhealthy Plant,0
-5.665258617420905e-18,-1.3587397963283967e-35,Unhealthy Plant,0
-5.688415995449046e-18,-1.375710696851344e-35,Unhealthy Plant,0
-5.702862104590508e-18,-1.386347666447582e-35,Unhealthy Plant,0
-5.718807920575681e-18,-1.3981471294307815e-35,Unhealthy Plant,0
-5.741027860536713e-18,-1.4146847882666822e-35,Unhealthy Plant,0
-5.765903291164073e-18,-1.433319851198988e-35,Unhealthy Plant,0
-5.778800734498635e-18,-1.4430288601193583e-35,Unhealthy Plant,0
-5.8004836493360806e-18,-1.4594503332949624e-35,Unhealthy Plant,0
-5.813119301881995e-18,-1.469094211490377e-35,Unhealthy Plant,0
-5.831381947221818e-18,-1.4831069902364956e-35,Unhealthy Plant,0
-5.839772838880372e-18,-1.489570222818399e-35,Unhealthy Plant,0
-5.860371561441127e-18,-1.5055226782094152e-35,Unhealthy Plant,0
-5.872831884208066e-18,-1.5152329302086294e-35,Unhealthy Plant,0
-5.885620358933042e-18,-1.5252376949536694e-35,Unhealthy Plant,0
-5.9035385151319976e-18,-1.5393318284274205e-35,Unhealthy Plant,0
-5.924939609003948e-18,-1.5562635156178568e-35,Unhealthy Plant,0
-5.934874862987054e-18,-1.5641812558264555e-35,Unhealthy Plant,0
-5.9548369145416e-18,-1.5801600086033867e-35,Unhealthy Plant,0
-5.9627046206089885e-18,-1.5865014995986954e-35,Unhealthy Plant,0
-5.9799634834387195e-18,-1.6004548407298795e-35,Unhealthy Plant,0
-6.017899584841401e-18,-1.631397778386153e-35,Unhealthy Plant,0
-6.02772788662524e-18,-1.6394612308433804e-35,Unhealthy Plant,0
-6.044674245938633e-18,-1.6534213643884522e-35,Unhealthy Plant,0
-6.061187592795252e-18,-1.6670867174952168e-35,Unhealthy Plant,0
-6.0805790221690445e-18,-1.6832176999910682e-35,Unhealthy Plant,0
-6.093050310652255e-18,-1.6936414993427664e-35,Unhealthy Plant,0
-6.1116903515854446e-18,-1.709306110349675e-35,Unhealthy Plant,0
-6.131740949323013e-18,-1.7262598442149007e-35,Unhealthy Plant,0
-6.141583774654428e-18,-1.7346207864545425e-35,Unhealthy Plant,0
-6.167630553747904e-18,-1.7568630695391695e-35,Unhealthy Plant,0
-6.182319376932531e-18,-1.7694796005456466e-35,Unhealthy Plant,0
-6.202388860374112e-18,-1.7868054811359534e-35,Unhealthy Plant,0
-6.222366924536129e-18,-1.8041632097566277e-35,Unhealthy Plant,0
-6.2503624322715944e-18,-1.8286099192223611e-35,Unhealthy Plant,0
-6.263428035126496e-18,-1.8400805030089276e-35,Unhealthy Plant,0
-6.2856616145370875e-18,-1.8597171897518316e-35,Unhealthy Plant,0
-6.298627384346669e-18,-1.871244364879736e-35,Unhealthy Plant,0
-6.3080641226120375e-18,-1.87966473877888e-35,Unhealthy Plant,0
-6.336743703043188e-18,-1.9054127730238036e-35,Unhealthy Plant,0
-6.3526858772275536e-18,-1.9198346718790473e-35,Unhealthy Plant,0
-6.367107816390806e-18,-1.9329303105620078e-35,Unhealthy Plant,0
-6.391356041719688e-18,-1.9550788661857865e-35,Unhealthy Plant,0
-6.4037434500132775e-18,-1.9664691432629366e-35,Unhealthy Plant,0
-6.437791629107634e-18,-1.9980075444130603e-35,Unhealthy Plant,0
-6.447012956949902e-18,-2.0066053860467302e-35,Unhealthy Plant,0
-6.467026436388443e-18,-2.0253842415343446e-35,Unhealthy Plant,0
-6.492044491329544e-18,-2.0490254191871337e-35,Unhealthy Plant,0
-6.5108341529668884e-18,-2.0669086108305116e-35,Unhealthy Plant,0
-6.525070573162668e-18,-2.080522731684626e-35,Unhealthy Plant,0
-6.534818033637787e-18,-2.089886611588692e-35,Unhealthy Plant,0
-6.564895299468077e-18,-2.1190076749725503e-35,Unhealthy Plant,0
-6.5791191843355466e-18,-2.1328934599910176e-35,Unhealthy Plant,0
-6.590991871882184e-18,-2.1445245474183123e-35,Unhealthy Plant,0
-6.6137004553321705e-18,-2.1669781307787982e-35,Unhealthy Plant,0
-6.6309392550893165e-18,-2.1841085037942572e-35,Unhealthy Plant,0
-6.6596003398396436e-18,-2.2127761956498207e-35,Unhealthy Plant,0
-6.671481354808464e-18,-2.2247495626389027e-35,Unhealthy Plant,0
-6.700679255755603e-18,-2.254372671586021e-35,Unhealthy Plant,0
-6.713143841100948e-18,-2.2671061261826118e-35,Unhealthy Plant,0
-6.744753010753197e-18,-2.2995699787337914e-35,Unhealthy Plant,0
-6.762778538428744e-18,-2.3182073935423606e-35,Unhealthy Plant,0
-6.770814899550537e-18,-2.3265672818047776e-35,Unhealthy Plant,0
-6.7882566247274864e-18,-2.344772600870814e-35,Unhealthy Plant,0
-6.79162381195519e-18,-2.3482918703897195e-35,Unhealthy Plant,0
-6.796220030378268e-18,-2.3530996630611904e-35,Unhealthy Plant,0
-6.808820951991362e-18,-2.366296479856739e-35,Unhealthy Plant,0
-6.818012283964375e-18,-2.375927003782415e-35,Unhealthy Plant,0
-6.831529358713137e-18,-2.3901025908479973e-35,Unhealthy Plant,0
-6.844288422000834e-18,-2.4035040117102055e-35,Unhealthy Plant,0
-6.8627866017302896e-18,-2.4229909414947716e-35,Unhealthy Plant,0
-6.87339776499273e-18,-2.4341891123314685e-35,Unhealthy Plant,0
-6.896598940453204e-18,-2.458746757496918e-35,Unhealthy Plant,0
-6.898577906865052e-18,-2.4608429868217114e-35,Unhealthy Plant,0
-6.913737243437424e-18,-2.476922771415463e-35,Unhealthy Plant,0
-6.9270217009227e-18,-2.49103211154778e-35,Unhealthy Plant,0
-6.94657093140577e-18,-2.5118251004681495e-35,Unhealthy Plant,0
-6.95603925275798e-18,-2.5219095014648615e-35,Unhealthy Plant,0
-6.969581653506167e-18,-2.536344545291304e-35,Unhealthy Plant,0
-6.978438812053872e-18,-2.5457888312293786e-35,Unhealthy Plant,0
-6.986560220550672e-18,-2.554460026507067e-35,Unhealthy Plant,0
-6.99141648623296e-18,-2.559645908302989e-35,Unhealthy Plant,0
-7.009128054875572e-18,-2.5785880376856925e-35,Unhealthy Plant,0
-7.012214155840621e-18,-2.581890497860643e-35,Unhealthy Plant,0
-7.022507199232817e-18,-2.5929479303829427e-35,Unhealthy Plant,0
-7.03025531537339e-18,-2.6012856673052924e-35,Unhealthy Plant,0
-7.041045511178002e-18,-2.6129107912951447e-35,Unhealthy Plant,0
-7.054300461401774e-18,-2.62720119838368e-35,Unhealthy Plant,0
-7.071559450424219e-18,-2.6458295476268425e-35,Unhealthy Plant,0
-7.064740004468057e-18,-2.6384596754246626e-35,Unhealthy Plant,0
-7.031650101040518e-18,-2.6026984017973855e-35,Unhealthy Plant,0
-7.04281812302358e-18,-2.614767209360176e-35,Unhealthy Plant,0
-7.056367962147327e-18,-2.629418347183327e-35,Unhealthy Plant,0
-7.066705712201028e-18,-2.640614553588403e-35,Unhealthy Plant,0
-7.073184053449786e-18,-2.647647074474193e-35,Unhealthy Plant,0
-7.085532656653526e-18,-2.661054277374783e-35,Unhealthy Plant,0
-7.09610281779471e-18,-2.672536746648316e-35,Unhealthy Plant,0
-7.104617737370556e-18,-2.6817914464266564e-35,Unhealthy Plant,0
-7.113688070814967e-18,-2.6916479926735477e-35,Unhealthy Plant,0
-7.123323528297821e-18,-2.702122911207085e-35,Unhealthy Plant,0
-7.144439204022959e-18,-2.725095814485811e-35,Unhealthy Plant,0
-7.154635738800275e-18,-2.736199770334329e-35,Unhealthy Plant,0
-7.164534449571514e-18,-2.7469851392572375e-35,Unhealthy Plant,0
-7.170030444107717e-18,-2.7529755226228085e-35,Unhealthy Plant,0
-7.189759182202052e-18,-2.774503946606235e-35,Unhealthy Plant,0
-7.193798074547183e-18,-2.778914924139114e-35,Unhealthy Plant,0
-7.206508493820266e-18,-2.792800064481568e-35,Unhealthy Plant,0
-7.225618239806588e-18,-2.8137038531941903e-35,Unhealthy Plant,0
-7.22899088738839e-18,-2.817402989854184e-35,Unhealthy Plant,0
-7.237032967633033e-18,-2.826223661408577e-35,Unhealthy Plant,0
-7.255136400765627e-18,-2.846086632908894e-35,Unhealthy Plant,0
-7.261988823467261e-18,-2.853606249808578e-35,Unhealthy Plant,0
-7.278834894092367e-18,-2.872097238325157e-35,Unhealthy Plant,0
-7.294535998942583e-18,-2.8893588336155234e-35,Unhealthy Plant,0
-7.301776472003514e-18,-2.897322533583197e-35,Unhealthy Plant,0
-7.30359894180306e-18,-2.899327782468574e-35,Unhealthy Plant,0
-7.316990168351691e-18,-2.91406889074476e-35,Unhealthy Plant,0
-7.334807322138851e-18,-2.9337141636824445e-35,Unhealthy Plant,0
-7.345770362016162e-18,-2.9458188867171774e-35,Unhealthy Plant,0
-7.359595332225932e-18,-2.961102904637905e-35,Unhealthy Plant,0
-7.377166500101299e-18,-2.98054219325722e-35,Unhealthy Plant,0
-7.38225908960875e-18,-2.986179537688855e-35,Unhealthy Plant,0
-7.402131823783582e-18,-3.0081899998991675e-35,Unhealthy Plant,0
-7.408572060281226e-18,-3.015334566795059e-35,Unhealthy Plant,0
-7.425038151330637e-18,-3.0336267213078565e-35,Unhealthy Plant,0
-7.437122330318304e-18,-3.047066392304006e-35,Unhealthy Plant,0
-7.456416309770296e-18,-3.0685528078714695e-35,Unhealthy Plant,0
-7.479993998282628e-18,-3.0948542114290585e-35,Unhealthy Plant,0
-7.489803056723917e-18,-3.105801167673297e-35,Unhealthy Plant,0
-7.498175373984755e-18,-3.1151523755705155e-35,Unhealthy Plant,0
-7.51595927883335e-18,-3.1350283792640293e-35,Unhealthy Plant,0
-7.535235957412553e-18,-3.156625079546943e-35,Unhealthy Plant,0
-7.562277121742206e-18,-3.186961743450906e-35,Unhealthy Plant,0
-7.570082515383866e-18,-3.1957280258672243e-35,Unhealthy Plant,0
-7.590881252921826e-18,-3.219105644786873e-35,Unhealthy Plant,0
-7.601372713137617e-18,-3.230918366087176e-35,Unhealthy Plant,0
-7.617274439382735e-18,-3.248834581087471e-35,Unhealthy Plant,0
-7.623879079555502e-18,-3.2562834309455496e-35,Unhealthy Plant,0
-7.645974057285582e-18,-3.2812741418353247e-35,Unhealthy Plant,0
-7.660031170940582e-18,-3.2971968032914913e-35,Unhealthy Plant,0
-7.684287981728761e-18,-3.324727196726207e-35,Unhealthy Plant,0
-7.691213662180856e-18,-3.33259964798624e-35,Unhealthy Plant,0
-7.712079701738975e-18,-3.356374601059688e-35,Unhealthy Plant,0
-7.727117592994935e-18,-3.373532864528401e-35,Unhealthy Plant,0
-7.750103602643268e-18,-3.399802214061877e-35,Unhealthy Plant,0
-7.76973541718027e-18,-3.4222918428816556e-35,Unhealthy Plant,0
-7.781212562996363e-18,-3.435462573283942e-35,Unhealthy Plant,0
-7.789340648932281e-18,-3.4447977434376275e-35,Unhealthy Plant,0
-7.800983001332254e-18,-3.458185038565688e-35,Unhealthy Plant,0
-7.821604094045002e-18,-3.481928374934465e-35,Unhealthy Plant,0
-7.833405437132787e-18,-3.495519552837297e-35,Unhealthy Plant,0
-7.84362825211429e-18,-3.507307821018815e-35,Unhealthy Plant,0
-7.85366345641161e-18,-3.518899198221387e-35,Unhealthy Plant,0
-7.866709981209176e-18,-3.533982178520285e-35,Unhealthy Plant,0
-7.876726304110944e-18,-3.545586433427561e-35,Unhealthy Plant,0
-7.893989437307877e-18,-3.565626858322e-35,Unhealthy Plant,0
-7.917630797787195e-18,-3.593135808168781e-35,Unhealthy Plant,0
-7.929423972340012e-18,-3.6068760384298415e-35,Unhealthy Plant,0
-7.946872755112683e-18,-3.6272262806960304e-35,Unhealthy Plant,0
-7.97143254773199e-18,-3.6559252293401676e-35,Unhealthy Plant,0
-7.98409220640017e-18,-3.670741851756236e-35,Unhealthy Plant,0
-8.003764866995632e-18,-3.693814093438992e-35,Unhealthy Plant,0
-8.016536911002646e-18,-3.7088185151071875e-35,Unhealthy Plant,0
-8.037279885578344e-18,-3.7332420443662124e-35,Unhealthy Plant,0
-8.052535910216853e-18,-3.751224747792465e-35,Unhealthy Plant,0
-8.07426460519092e-18,-3.776857638023964e-35,Unhealthy Plant,0
-8.081120018984559e-18,-3.784956958663467e-35,Unhealthy Plant,0
-8.113673116581625e-18,-3.823533319301942e-35,Unhealthy Plant,0
-8.126946018483267e-18,-3.839283392261356e-35,Unhealthy Plant,0
-8.141289253145493e-18,-3.85632025103992e-35,Unhealthy Plant,0
-8.160170590734726e-18,-3.8787947352377314e-35,Unhealthy Plant,0
-8.17650483209178e-18,-3.898278625749466e-35,Unhealthy Plant,0
-8.181296485464836e-18,-3.9040064669041787e-35,Unhealthy Plant,0
-8.20736947581959e-18,-3.935215524013771e-35,Unhealthy Plant,0
-8.229173504959129e-18,-3.961380974552174e-35,Unhealthy Plant,0
-8.248056738476874e-18,-3.984114452626616e-35,Unhealthy Plant,0
-8.269202083953545e-18,-4.009628565783575e-35,Unhealthy Plant,0
-8.291420788453155e-18,-4.0365070986633697e-35,Unhealthy Plant,0
-8.306504187443177e-18,-4.0547850990614033e-35,Unhealthy Plant,0
-8.338903341513016e-18,-4.094129574812555e-35,Unhealthy Plant,0
-8.359734916698604e-18,-4.119489699933557e-35,Unhealthy Plant,0
-8.37656914065194e-18,-4.1400112262402137e-35,Unhealthy Plant,0
-8.399898673343376e-18,-4.168502447870171e-35,Unhealthy Plant,0
-8.419068062330062e-18,-4.1919649585730214e-35,Unhealthy Plant,0
-8.433010046408163e-18,-4.2090550987784e-35,Unhealthy Plant,0
-8.466557252633853e-18,-4.2502721242624046e-35,Unhealthy Plant,0
-8.475210859758763e-18,-4.2609236580065666e-35,Unhealthy Plant,0
-8.504470193375086e-18,-4.296995544216618e-35,Unhealthy Plant,0
-8.528539700401291e-18,-4.326721498619842e-35,Unhealthy Plant,0
-8.537902326414612e-18,-4.3382933066570384e-35,Unhealthy Plant,0
-8.550414601482267e-18,-4.3537658318283453e-35,Unhealthy Plant,0
-8.56768748513308e-18,-4.3751294459745573e-35,Unhealthy Plant,0
-8.57076569887593e-18,-4.378938022375104e-35,Unhealthy Plant,0
-8.58159204585106e-18,-4.3923250086953143e-35,Unhealthy Plant,0
-8.594330978074617e-18,-4.40807991947367e-35,Unhealthy Plant,0
-8.618656974868224e-18,-4.4381770612608523e-35,Unhealthy Plant,0
-8.629478806678665e-18,-4.451573199648178e-35,Unhealthy Plant,0
-8.650707809393108e-18,-4.4778497305049985e-35,Unhealthy Plant,0
-8.674419749617424e-18,-4.5072081368891066e-35,Unhealthy Plant,0
-8.695012465043598e-18,-4.5327122870259344e-35,Unhealthy Plant,0
-8.70409996372041e-18,-4.543972047833598e-35,Unhealthy Plant,0
-8.72084452732556e-18,-4.56472845193653e-35,Unhealthy Plant,0
-8.731308872769112e-18,-4.577702261047106e-35,Unhealthy Plant,0
-8.7569494364279e-18,-4.609492117522345e-35,Unhealthy Plant,0
-8.770486836157864e-18,-4.6262876859459543e-35,Unhealthy Plant,0
-8.790124017989846e-18,-4.650681586368866e-35,Unhealthy Plant,0
-8.793970500731027e-18,-4.6554618343872836e-35,Unhealthy Plant,0
-8.821548135561836e-18,-4.689749015924874e-35,Unhealthy Plant,0
-8.84825670453154e-18,-4.722980563887378e-35,Unhealthy Plant,0
-8.86599246133132e-18,-4.745037418731535e-35,Unhealthy Plant,0
-8.883297195219788e-18,-4.7665717379171963e-35,Unhealthy Plant,0
-8.898900610730843e-18,-4.786007422581111e-35,Unhealthy Plant,0
-8.918485797596052e-18,-4.810409611738791e-35,Unhealthy Plant,0
-8.932526389556832e-18,-4.827907874054457e-35,Unhealthy Plant,0
-8.962253214275277e-18,-4.864989458134255e-35,Unhealthy Plant,0
-8.975604726987085e-18,-4.881653120830984e-35,Unhealthy Plant,0
-8.995530828699948e-18,-4.906525925571199e-35,Unhealthy Plant,0
-9.01614043042724e-18,-4.932264907852711e-35,Unhealthy Plant,0
-9.037873867616747e-18,-4.959430800641656e-35,Unhealthy Plant,0
-9.044575027362776e-18,-4.967816587082021e-35,Unhealthy Plant,0
-9.069327105926611e-18,-4.998805601058793e-35,Unhealthy Plant,0
-9.082972013865771e-18,-5.015908193707513e-35,Unhealthy Plant,0
-9.098464214800348e-18,-5.035348959885291e-35,Unhealthy Plant,0
-9.109116963678175e-18,-5.048715629166426e-35,Unhealthy Plant,0
-9.13455730219478e-18,-5.080643087849309e-35,Unhealthy Plant,0
-9.148955869266183e-18,-5.098737000433067e-35,Unhealthy Plant,0
-9.169524513208611e-18,-5.124609189499827e-35,Unhealthy Plant,0
-9.177374436594887e-18,-5.13449608437301e-35,Unhealthy Plant,0
-9.19804246879995e-18,-5.160540735215732e-35,Unhealthy Plant,0
-9.216361351295261e-18,-5.183634440131344e-35,Unhealthy Plant,0
-9.235347857384486e-18,-5.207587875077153e-35,Unhealthy Plant,0
-9.257660864764224e-18,-5.235744057080006e-35,Unhealthy Plant,0
-9.28219832928177e-18,-5.266727973995434e-35,Unhealthy Plant,0
-9.300203333807789e-18,-5.289475771835866e-35,Unhealthy Plant,0
-9.330291835276538e-18,-5.327527957020998e-35,Unhealthy Plant,0
-9.348350771206249e-18,-5.350384530464743e-35,Unhealthy Plant,0
-9.373899586131022e-18,-5.382726018734095e-35,Unhealthy Plant,0
-9.392747685232307e-18,-5.406598065748809e-35,Unhealthy Plant,0
-9.407664036725313e-18,-5.425499013307714e-35,Unhealthy Plant,0
-9.436890611338382e-18,-5.462552499790598e-35,Unhealthy Plant,0
-9.45319756317704e-18,-5.483235236264787e-35,Unhealthy Plant,0
-9.484475268996106e-18,-5.522973189797751e-35,Unhealthy Plant,0
-9.507437016953383e-18,-5.552176015145823e-35,Unhealthy Plant,0
-9.527182771810779e-18,-5.577269634234803e-35,Unhealthy Plant,0
-9.55558384972666e-18,-5.613413099818008e-35,Unhealthy Plant,0
-9.576178565244876e-18,-5.639646439701886e-35,Unhealthy Plant,0
-9.590136533271186e-18,-5.657443266720032e-35,Unhealthy Plant,0
-9.615179506808482e-18,-5.689383920965235e-35,Unhealthy Plant,0
-9.635182561427455e-18,-5.714916512692896e-35,Unhealthy Plant,0
-9.665339223472364e-18,-5.753435522762085e-35,Unhealthy Plant,0
-9.692221013041632e-18,-5.787778903433836e-35,Unhealthy Plant,0
-9.712912167146756e-18,-5.814239340468088e-35,Unhealthy Plant,0
-9.737752489620404e-18,-5.84606808264677e-35,Unhealthy Plant,0
-9.761185346258478e-18,-5.876106431001349e-35,Unhealthy Plant,0
-9.779571865673546e-18,-5.899684009897673e-35,Unhealthy Plant,0
-9.79990388553891e-18,-5.925789956624758e-35,Unhealthy Plant,0
-9.826819139941531e-18,-5.960382018393238e-35,Unhealthy Plant,0
-9.845938917567915e-18,-5.984988727954515e-35,Unhealthy Plant,0
-9.85944621829099e-18,-6.00240251923382e-35,Unhealthy Plant,0
-9.889657025172968e-18,-6.041399754691872e-35,Unhealthy Plant,0
-9.909934304024029e-18,-6.067607050299297e-35,Unhealthy Plant,0
-9.929697447359588e-18,-6.093176589295391e-35,Unhealthy Plant,0
-9.958869392799686e-18,-6.130980371732154e-35,Unhealthy Plant,0
-9.974332261213996e-18,-6.151060234313483e-35,Unhealthy Plant,0
-9.997877043935197e-18,-6.181745995371326e-35,Unhealthy Plant,0
-1.0016131024300153e-17,-6.205630188291894e-35,Unhealthy Plant,0
-1.0041666741110775e-17,-6.239157344820044e-35,Unhealthy Plant,0
-1.0055038612406237e-17,-6.256767579228187e-35,Unhealthy Plant,0
-1.0078171330249726e-17,-6.287321175109811e-35,Unhealthy Plant,0
-1.0090963812614475e-17,-6.30426484289123e-35,Unhealthy Plant,0
-1.0108340740906948e-17,-6.327342002950462e-35,Unhealthy Plant,0
-1.0131635458296403e-17,-6.358389883987514e-35,Unhealthy Plant,0
-1.0148336713090795e-17,-6.380700361838434e-35,Unhealthy Plant,0
-1.0160238314666097e-17,-6.39664029886643e-35,Unhealthy Plant,0
-1.018065937830006e-17,-6.42409664335653e-35,Unhealthy Plant,0
-1.0207109089518654e-17,-6.459779442481918e-35,Unhealthy Plant,0
-1.022609059567797e-17,-6.485463270033386e-35,Unhealthy Plant,0
-1.0246020729909754e-17,-6.512518688701578e-35,Unhealthy Plant,0
-1.0273101090583164e-17,-6.549410089325273e-35,Unhealthy Plant,0
-1.0290500667051419e-17,-6.573223654863858e-35,Unhealthy Plant,0
-1.0313225741533707e-17,-6.60442403822303e-35,Unhealthy Plant,0
-1.0328819316840515e-17,-6.625919862846877e-35,Unhealthy Plant,0
-1.0354633679500193e-17,-6.661635518584161e-35,Unhealthy Plant,0
-1.036874574105225e-17,-6.681248200072047e-35,Unhealthy Plant,0
-1.038581154233717e-17,-6.705027082077134e-35,Unhealthy Plant,0
-1.041324625801254e-17,-6.743412879988714e-35,Unhealthy Plant,0
-1.043709168783846e-17,-6.776951325092001e-35,Unhealthy Plant,0
-1.0448779897606613e-17,-6.793439805980755e-35,Unhealthy Plant,0
-1.0466518201964819e-17,-6.818537228682321e-35,Unhealthy Plant,0
-1.0497160214353862e-17,-6.862058062036103e-35,Unhealthy Plant,0
-1.0514922908070266e-17,-6.887378027046479e-35,Unhealthy Plant,0
-1.0541979632733845e-17,-6.926099506464348e-35,Unhealthy Plant,0
-1.0563337192119117e-17,-6.956797905185713e-35,Unhealthy Plant,0
-1.0584012469209324e-17,-6.986640318568175e-35,Unhealthy Plant,0
-1.0609576100145006e-17,-7.023697392159987e-35,Unhealthy Plant,0
-1.0638611008010143e-17,-7.065950923057345e-35,Unhealthy Plant,0
-1.0667647256354844e-17,-7.108347786255887e-35,Unhealthy Plant,0
-1.0685079752182991e-17,-7.133898508057914e-35,Unhealthy Plant,0
-1.0716876501832749e-17,-7.18068330264605e-35,Unhealthy Plant,0
-1.0730591856157005e-17,-7.200930771049972e-35,Unhealthy Plant,0
-1.0760111465513063e-17,-7.244689496033771e-35,Unhealthy Plant,0
-1.0780137286778157e-17,-7.274517003024278e-35,Unhealthy Plant,0
-1.080624420536811e-17,-7.313547761735029e-35,Unhealthy Plant,0
-1.0825505707355906e-17,-7.34245971669208e-35,Unhealthy Plant,0
-1.0856352187430494e-17,-7.388956312235207e-35,Unhealthy Plant,0
-1.0870749515412942e-17,-7.410752627045154e-35,Unhealthy Plant,0
-1.0894708739151364e-17,-7.447177965146827e-35,Unhealthy Plant,0
-1.0919748066985859e-17,-7.485412804549812e-35,Unhealthy Plant,0
-1.0948601333159172e-17,-7.529669179201886e-35,Unhealthy Plant,0
-1.0976889610387328e-17,-7.573234100655413e-35,Unhealthy Plant,0
-1.0999768398416606e-17,-7.608575203403154e-35,Unhealthy Plant,0
-1.1030304981319008e-17,-7.655927079859514e-35,Unhealthy Plant,0
-1.1071862744309287e-17,-7.720753011131428e-35,Unhealthy Plant,0
-1.1093921612101352e-17,-7.755320973815933e-35,Unhealthy Plant,0
-1.1113297877881619e-17,-7.785783335531449e-35,Unhealthy Plant,0
-1.1149176664714168e-17,-7.842423427088717e-35,Unhealthy Plant,0
-1.1175208104696485e-17,-7.883675912358664e-35,Unhealthy Plant,0
-1.1203288409657496e-17,-7.928349874109754e-35,Unhealthy Plant,0
-1.1232643974609362e-17,-7.975298828385763e-35,Unhealthy Plant,0
-1.1256716365866075e-17,-8.013993277124075e-35,Unhealthy Plant,0
-1.1290524305882712e-17,-8.068597748484046e-35,Unhealthy Plant,0
-1.1314297240328478e-17,-8.107196552429469e-35,Unhealthy Plant,0
-1.1347574295566894e-17,-8.161481376314862e-35,Unhealthy Plant,0
-1.1375404053142328e-17,-8.207077454417955e-35,Unhealthy Plant,0
-1.1406621002643913e-17,-8.258472833423006e-35,Unhealthy Plant,0
-1.1436161692669332e-17,-8.307278278990642e-35,Unhealthy Plant,0
-1.1457942836170156e-17,-8.343405457919686e-35,Unhealthy Plant,0
-1.1483457828081937e-17,-8.385881064246802e-35,Unhealthy Plant,0
-1.1505617318059164e-17,-8.422797264208423e-35,Unhealthy Plant,0
-1.1516765566582607e-17,-8.441355111314286e-35,Unhealthy Plant,0
-1.1525280072179437e-17,-8.455527442083888e-35,Unhealthy Plant,0
-1.1545611732121256e-17,-8.489388231721149e-35,Unhealthy Plant,0
-1.1552291571548458e-17,-8.50051027263469e-35,Unhealthy Plant,0
-1.1559428138401654e-17,-8.51239823140466e-35,Unhealthy Plant,0
-1.1572202595920827e-17,-8.533689433372883e-35,Unhealthy Plant,0
-1.1595677937740617e-17,-8.572818991123837e-35,Unhealthy Plant,0
-1.1611481675015632e-17,-8.599158019027416e-35,Unhealthy Plant,0
-1.163262333456533e-17,-8.634393540309569e-35,Unhealthy Plant,0
-1.1649776923399757e-17,-8.662981555339679e-35,Unhealthy Plant,0
-1.1657500862107501e-17,-8.675860126303177e-35,Unhealthy Plant,0
-1.1671104747355065e-17,-8.698539700828174e-35,Unhealthy Plant,0
-1.1686250602747086e-17,-8.723808160242594e-35,Unhealthy Plant,0
-1.1701071058132695e-17,-8.748559069871954e-35,Unhealthy Plant,0
-1.1706751638568886e-17,-8.758045018240294e-35,Unhealthy Plant,0
-1.172514168220834e-17,-8.788764351042051e-35,Unhealthy Plant,0
-1.173469670871148e-17,-8.804717651813976e-35,Unhealthy Plant,0
-1.1749338142488728e-17,-8.829168216968515e-35,Unhealthy Plant,0
-1.1761229491882152e-17,-8.849044424605466e-35,Unhealthy Plant,0
-1.17812170106421e-17,-8.882473179001811e-35,Unhealthy Plant,0
-1.1798108761338753e-17,-8.91072217422952e-35,Unhealthy Plant,0
-1.1807348373418662e-17,-8.926175016935886e-35,Unhealthy Plant,0
-1.1821437298291962e-17,-8.949747108167671e-35,Unhealthy Plant,0
-1.183200364972317e-17,-8.967427161138261e-35,Unhealthy Plant,0
-1.1842108113264749e-17,-8.984336809178087e-35,Unhealthy Plant,0
-1.1854801250814543e-17,-9.00558245375015e-35,Unhealthy Plant,0
-1.1855001968843648e-17,-9.005919645108948e-35,Unhealthy Plant,0
-1.1860232305311293e-17,-9.014678817813509e-35,Unhealthy Plant,0
-1.1876362676441132e-17,-9.041686010633507e-35,Unhealthy Plant,0
-1.19002492421286e-17,-9.081697133323933e-35,Unhealthy Plant,0
-1.1908647092282574e-17,-9.095766984338888e-35,Unhealthy Plant,0
-1.1910055417477777e-17,-9.098128293049814e-35,Unhealthy Plant,0
-1.1920734737211732e-17,-9.116026621560943e-35,Unhealthy Plant,0
-1.1936853499143097e-17,-9.143050315914474e-35,Unhealthy Plant,0
-1.1949736909956655e-17,-9.164657082130294e-35,Unhealthy Plant,0
-1.1962532054631296e-17,-9.186118583930319e-35,Unhealthy Plant,0
-1.197710351755179e-17,-9.210577784815384e-35,Unhealthy Plant,0
-1.2000885560896323e-17,-9.250530733456244e-35,Unhealthy Plant,0
-1.2004331697605017e-17,-9.256321657570019e-35,Unhealthy Plant,0
-1.2017628540867327e-17,-9.278667910922742e-35,Unhealthy Plant,0
-1.2032431813904098e-17,-9.303543607656802e-35,Unhealthy Plant,0
-1.2052760477218717e-17,-9.337725084146437e-35,Unhealthy Plant,0
-1.2059187084822281e-17,-9.348533374435176e-35,Unhealthy Plant,0
-1.2075588971352182e-17,-9.376130051883319e-35,Unhealthy Plant,0
-1.2085768094280956e-17,-9.393276587695059e-35,Unhealthy Plant,0
-1.2101636818758288e-17,-9.420026006772165e-35,Unhealthy Plant,0
-1.2111672711825092e-17,-9.436945348083744e-35,Unhealthy Plant,0
-1.2123855615633429e-17,-9.457478398711011e-35,Unhealthy Plant,0
-1.2139104193509577e-17,-9.48318840211949e-35,Unhealthy Plant,0
-1.2153246129915618e-17,-9.507032847876019e-35,Unhealthy Plant,0
-1.2175323886640458e-17,-9.544265613677204e-35,Unhealthy Plant,0
-1.2185453444106066e-17,-9.561359173005087e-35,Unhealthy Plant,0
-1.2198630465120691e-17,-9.583595510820864e-35,Unhealthy Plant,0
-1.222092275787196e-17,-9.621242857253598e-35,Unhealthy Plant,0
-1.2226432341857247e-17,-9.630546484125632e-35,Unhealthy Plant,0
-1.2251730098133044e-17,-9.673243136930101e-35,Unhealthy Plant,0
-1.2264101625705296e-17,-9.694129577483234e-35,Unhealthy Plant,0
-1.2279087772732259e-17,-9.719436972617147e-35,Unhealthy Plant,0
-1.2287251134380617e-17,-9.733227175244134e-35,Unhealthy Plant,0
0.016966857363237792,1.7742817284091957e-07,Unhealthy Plant,0
0.04696685736028464,5.157425614821451e-07,Unhealthy Plant,0
0.06696685735844961,7.412854914824731e-07,Unhealthy Plant,0
0.09696685735623803,1.0795998881356007e-06,Unhealthy Plant,0
0.12696685735423957,1.417914285360724e-06,Unhealthy Plant,0
0.1469668573529464,1.643457216950288e-06,Unhealthy Plant,0
0.17696685735102688,1.981771614389506e-06,Unhealthy Plant,0
0.19696685734975264,2.207314546029419e-06,Unhealthy Plant,0
0.22696685734784394,2.5456289435003494e-06,Unhealthy Plant,0
0.24696685734657187,2.771171875149335e-06,Unhealthy Plant,0
0.2769668573446634,3.1094862726227803e-06,Unhealthy Plant,0
0.2969668573433911,3.3350292042717725e-06,Unhealthy Plant,0
0.3269668573414827,3.6733436017453163e-06,Unhealthy Plant,0
0.3469668573402104,3.898886533394306e-06,Unhealthy Plant,0
0.3769668573382954,4.237200930869322e-06,Unhealthy Plant,0
0.3969668573218578,4.462743862238825e-06,Unhealthy Plant,0
0.41696685730885336,4.688286793658811e-06,Unhealthy Plant,0
0.44696685730693964,5.026601191149525e-06,Unhealthy Plant,0
0.4769668573050301,5.364915588261151e-06,Unhealthy Plant,0
0.49696685730375645,5.590458519431317e-06,Unhealthy Plant,0
0.5269668573018503,5.928772916270387e-06,Unhealthy Plant,0
0.546966857300579,6.15431584753014e-06,Unhealthy Plant,0
0.56696685729931,6.379858778803513e-06,Unhealthy Plant,0
0.6069668572967698,6.8309446412737515e-06,Unhealthy Plant,0
0.6269668572954954,7.0564875725226425e-06,Unhealthy Plant,0
0.6469658448956708,-0.00012496215098183402,Unhealthy Plant,0
0.6769192441964144,-0.0017136417039696123,Unhealthy Plant,0
0.696811944902458,-0.0037696397914646538,Unhealthy Plant,0
0.7264570986634644,-0.008340732756233067,Unhealthy Plant,0
0.7460451614108591,-0.012372415694800097,Unhealthy Plant,0
0.7654563314809525,-0.01718418730426717,Unhealthy Plant,0
0.7941735723955556,-0.02584733376782481,Unhealthy Plant,0
0.8223196608112715,-0.03621689206545693,Unhealthy Plant,0
0.8407162946832523,-0.04405975708337051,Unhealthy Plant,0
0.8676865414592201,-0.05718743095323977,Unhealthy Plant,0
0.885208288777887,-0.06682771312790348,Unhealthy Plant,0
0.9107332161234927,-0.08258233519211775,Unhealthy Plant,0
0.9272050053815845,-0.09392371201069682,Unhealthy Plant,0
0.9510295766602495,-0.11214786729338046,Unhealthy Plant,0
0.966286827184373,-0.1250770194676689,Unhealthy Plant,0
0.9810148453483926,-0.13860595698919045,Unhealthy Plant,0
1.00206326154159,-0.15997636194864015,Unhealthy Plant,0
1.0217923468489964,-0.18257045908270117,Unhealthy Plant,0
1.03417684214731,-0.19827303675975413,Unhealthy Plant,0
1.0515517182924325,-0.22272387951226308,Unhealthy Plant,0
1.06230670071951,-0.2395843961855255,Unhealthy Plant,0
1.0782270823086793,-0.2650074953068118,Unhealthy Plant,0
1.095601958454363,-0.2894583380602831,Unhealthy Plant,0
1.1017156905981242,-0.2973715514397625,Unhealthy Plant,0
1.12098897840275,-0.3203556853070615,Unhealthy Plant,0
1.1345887311377378,-0.3350183383777563,Unhealthy Plant,0
1.156060317394434,-0.35596352913953216,Unhealthy Plant,0
1.1787492239435928,-0.3755835075296007,Unhealthy Plant,0
1.1945112984820028,-0.38789219047160234,Unhealthy Plant,0
1.2107529810775037,-0.3995607129139357,Unhealthy Plant,0
1.2359577321726438,-0.41582264867350166,Unhealthy Plant,0
1.2620922591459098,-0.4305439438711656,Unhealthy Plant,0
1.279985499401312,-0.4394758318395114,Unhealthy Plant,0
1.2982216072258637,-0.4476850364859394,Unhealthy Plant,0
1.3261546892715224,-0.4586154051821878,Unhealthy Plant,0
1.345119245463123,-0.46496302504861725,Unhealthy Plant,0
1.3740039944996236,-0.473050132411439,Unhealthy Plant,0
1.3935075114816673,-0.4774727441784264,Unhealthy Plant,0
1.423055320644687,-0.4826357865043207,Unhealthy Plant,0
1.435937661847561,-0.48439268406194086,Unhealthy Plant,0
1.4160375560266008,-0.4823962401453488,Unhealthy Plant,0
1.3961374502056423,-0.48039979622875695,Unhealthy Plant,0
1.3662872914745148,-0.47740513035390236,Unhealthy Plant,0
1.3463871856534462,-0.4754086864373067,Unhealthy Plant,0
1.3165370269218852,-0.47241402056241805,Unhealthy Plant,0
1.2866868681903414,-0.46941935468753043,Unhealthy Plant,0
1.2667867623693132,-0.46742291077093884,Unhealthy Plant,0
1.236936603637771,-0.46442824489605145,Unhealthy Plant,0
1.2170364978167427,-0.46243180097945985,Unhealthy Plant,0
1.1871863390852004,-0.45943713510457246,Unhealthy Plant,0
1.1672862332641722,-0.45744069118798086,Unhealthy Plant,0
1.137436074532616,-0.45444602531309203,Unhealthy Plant,0
1.1175359687115576,-0.4524495813964976,Unhealthy Plant,0
1.0876858099924378,-0.44945491552285793,Unhealthy Plant,0
1.067785704181086,-0.4474584716072379,Unhealthy Plant,0
1.0379355454495511,-0.4444638057323518,Unhealthy Plant,0
1.0180354396285307,-0.4424673618157613,Unhealthy Plant,0
0.988185280896993,-0.43947269594087446,Unhealthy Plant,0
0.9682851750759696,-0.43747625202428353,Unhealthy Plant,0
0.9483850692549458,-0.43547980810769255,Unhealthy Plant,0
0.9185349105234091,-0.43248514223280593,Unhealthy Plant,0
0.8986348047023833,-0.43048869831621467,Unhealthy Plant,0
0.8687846459708471,-0.4274940324413285,Unhealthy Plant,0
0.8389344872393122,-0.42449936656644277,Unhealthy Plant,0
0.8190343814182868,-0.42250292264985223,Unhealthy Plant,0
0.7891842226867476,-0.4195082567749663,Unhealthy Plant,0
0.7692841168657224,-0.41751181285837546,Unhealthy Plant,0
0.7493840110446995,-0.415515368941785,Unhealthy Plant,0
0.7195338523131598,-0.4125207030668991,Unhealthy Plant,0
0.6996337464921366,-0.4105242591503093,Unhealthy Plant,0
0.6697835877606041,-0.4075295932754248,Unhealthy Plant,0
0.6498834819395857,-0.4055331493588355,Unhealthy Plant,0
0.6200333232080566,-0.40253848348395116,Unhealthy Plant,0
0.5901831644765246,-0.399543817609067,Unhealthy Plant,0
0.5702830586555048,-0.39754737369247783,Unhealthy Plant,0
0.540432899923976,-0.39455270781759477,Unhealthy Plant,0
0.5205327941029526,-0.3925562639010058,Unhealthy Plant,0
0.5006326882819294,-0.3905598199844169,Unhealthy Plant,0
0.47078252955040245,-0.38756515410953435,Unhealthy Plant,0
0.44093237081887915,-0.38457048823465134,Unhealthy Plant,0
0.42103226499785784,-0.38257404431806213,Unhealthy Plant,0
0.3911821062663332,-0.3795793784431787,Unhealthy Plant,0
0.3712820004453222,-0.37758293452659036,Unhealthy Plant,0
0.35138189462430147,-0.37558649061000193,Unhealthy Plant,0
0.32153173589276357,-0.3725918247351201,Unhealthy Plant,0
0.30163163007174026,-0.37059538081853244,Unhealthy Plant,0
0.2717814713402076,-0.3676007149436513,Unhealthy Plant,0
0.24193131260867237,-0.3646060490687698,Unhealthy Plant,0
0.2220312067876492,-0.36260960515218293,Unhealthy Plant,0
0.19218104805611494,-0.3596149392773049,Unhealthy Plant,0
0.17228094223508836,-0.3576184953607191,Unhealthy Plant,0
0.14243078350354943,-0.35462382948584065,Unhealthy Plant,0
0.1225306776825281,-0.35262738556925555,Unhealthy Plant,0
0.0926805189509958,-0.34963271969437787,Unhealthy Plant,0
0.07278041312997512,-0.3476362757777928,Unhealthy Plant,0
0.04292491934729905,-0.3446976059757908,Unhealthy Plant,0
0.0229684703172067,-0.343398832854732,Unhealthy Plant,0
-0.007023660526657904,-0.34294925544949184,Unhealthy Plant,0
-0.027010071393935468,-0.34364929127496036,Unhealthy Plant,0
-0.05689724935763041,-0.3461961767785899,Unhealthy Plant,0
-0.07671392445133814,-0.34888802702403277,Unhealthy Plant,0
-0.10619752673209122,-0.3544059277985013,Unhealthy Plant,0
-0.12564646438527177,-0.3590626963860957,Unhealthy Plant,0
-0.15443190057504178,-0.36749647939084623,Unhealthy Plant,0
-0.17331877343160423,-0.3740716374281931,Unhealthy Plant,0
-0.20111842896729776,-0.385337035091328,Unhealthy Plant,0
-0.21925452563689468,-0.3937648857728086,Unhealthy Plant,0
-0.24579063554976366,-0.4077493379647545,Unhealthy Plant,0
-0.26299474614948076,-0.4179456729922577,Unhealthy Plant,0
-0.28800217040096343,-0.43450945168939026,Unhealthy Plant,0
-0.3041023971446207,-0.4463723926538034,Unhealthy Plant,0
-0.32733126981796357,-0.4653499980546711,Unhealthy Plant,0
-0.34216674456197244,-0.4787610143712669,Unhealthy Plant,0
-0.36338497043987633,-0.4999628285159001,Unhealthy Plant,0
-0.37680746202455506,-0.5147879217427577,Unhealthy Plant,0
-0.3958030356078648,-0.5380021031126435,Unhealthy Plant,0
-0.4133724120925121,-0.5623135621867791,Unhealthy Plant,0
-0.42426155472968546,-0.5790877459857241,Unhealthy Plant,0
-0.4344711987725931,-0.5962839617906989,Unhealthy Plant,0
-0.4484761796905118,-0.6228092429739494,Unhealthy Plant,0
-0.4569180610621112,-0.6409388129744665,Unhealthy Plant,0
-0.4682049659622019,-0.668729743332086,Unhealthy Plant,0
-0.47479473617434786,-0.6876115228575626,Unhealthy Plant,0
-0.48325079003380783,-0.7163904245999124,Unhealthy Plant,0
-0.487922606280831,-0.7358357531508454,Unhealthy Plant,0
-0.4918130798314105,-0.7554523503341681,Unhealthy Plant,0
-0.4961705020429515,-0.7851296632861036,Unhealthy Plant,0
-0.49874051266119523,-0.8150148615923211,Unhealthy Plant,0
-0.499456013212632,-0.8350007248077309,Unhealthy Plant,0
-0.4993717200768571,-0.854999213854968,Unhealthy Plant,0
-0.49774631204828695,-0.8849506425542525,Unhealthy Plant,0
-0.4943278212120502,-0.9147507088762226,Unhealthy Plant,0
-0.48912855044362047,-0.9442921647623418,Unhealthy Plant,0
-0.48700278199790525,-0.9540634377206757,Unhealthy Plant,0
-0.47979011772541097,-0.9831827462676674,Unhealthy Plant,0
-0.47489602704641587,-1.0025747001771084,Unhealthy Plant,0
-0.46755489102792375,-1.0316626310412658,Unhealthy Plant,0
-0.4602137550094303,-1.0607505619054274,Unhealthy Plant,0
-0.45531966433043547,-1.0801425158148648,Unhealthy Plant,0
-0.4479785283119426,-1.1092304466790242,Unhealthy Plant,0
-0.4430844376329485,-1.128622400588459,Unhealthy Plant,0
-0.435743301614455,-1.157710331452616,Unhealthy Plant,0
-0.430849210935459,-1.1771022853620559,Unhealthy Plant,0
-0.42350807491696585,-1.2061902162262137,Unhealthy Plant,0
-0.4186139842379711,-1.2255821701356504,Unhealthy Plant,0
-0.41127284821947724,-1.2546701009998094,Unhealthy Plant,0
-0.40393171220098323,-1.2837580318639685,Unhealthy Plant,0
-0.39903762152198696,-1.3031499857734086,Unhealthy Plant,0
-0.394143530842991,-1.322541939682847,Unhealthy Plant,0
-0.3892494401639953,-1.3419338935922847,Unhealthy Plant,0
-0.3819083041455017,-1.3710218244564412,Unhealthy Plant,0
-0.3745671681270074,-1.4001097553206001,Unhealthy Plant,0
-0.3696730774480126,-1.4195017092300342,Unhealthy Plant,0
-0.36233194142951836,-1.4485896400941927,Unhealthy Plant,0
-0.35743785075052337,-1.4679815940036272,Unhealthy Plant,0
-0.3500967147320298,-1.497069524867786,Unhealthy Plant,0
-0.34520262405303304,-1.5164614787772286,Unhealthy Plant,0
-0.340308533374036,-1.5358534326866715,Unhealthy Plant,0
-0.333211859469316,-1.5639717047615367,Unhealthy Plant,0
-0.3396469215562741,-1.5346746057879448,Unhealthy Plant,0
-0.3429557141336403,-1.514951559340676,Unhealthy Plant,0
-0.34547314853431854,-1.495111972814754,Unhealthy Plant,0
-0.34775704150886894,-1.4652035481600967,Unhealthy Plant,0
-0.34824339573954666,-1.435211991147998,Unhealthy Plant,0
-0.34756786831884745,-1.4152247369034507,Unhealthy Plant,0
-0.34609360425868135,-1.3952804842229856,Unhealthy Plant,0
-0.34239008471962246,-1.3655144973351787,Unhealthy Plant,0
-0.33893208295157673,-1.3458170636627567,Unhealthy Plant,0
-0.3322754254132881,-1.3165695177348549,Unhealthy Plant,0
-0.3238769462309783,-1.2877737614536262,Unhealthy Plant,0
-0.31732495273218236,-1.2688788401598894,Unhealthy Plant,0
-0.3060936522294481,-1.2410653915891263,Unhealthy Plant,0
-0.29768804685735395,-1.222918974096101,Unhealthy Plant,0
-0.283736144476256,-1.1963657360200266,Unhealthy Plant,0
-0.27356091326121734,-1.1791491353328725,Unhealthy Plant,0
-0.2627053407474557,-1.1623532068114106,Unhealthy Plant,0
-0.23902369884301125,-1.1301301299044826,Unhealthy Plant,0
-0.23270648748966408,-1.1223783876858013,Unhealthy Plant,0
-0.21284270045500633,-1.0999026230267774,Unhealthy Plant,0
-0.19166692061429172,-1.0786584148631078,Unhealthy Plant,0
-0.176858297556481,-1.0652177544393515,Unhealthy Plant,0
-0.16152403675620655,-1.0523800320865726,Unhealthy Plant,0
-0.13759095784948325,-1.0342986116091504,Unhealthy Plant,0
-0.12105167079674663,-1.0230558960424052,Unhealthy Plant,0
-0.09543302761266215,-1.0074541283912735,Unhealthy Plant,0
-0.06892493965745229,-0.9934166319837952,Unhealthy Plant,0
-0.08242123555143704,-0.9999626497559936,Unhealthy Plant,0
-0.10041264446062181,-1.0086981637912609,Unhealthy Plant,0
-0.12739975782439913,-1.021801434844162,Unhealthy Plant,0
-0.15438687118816746,-1.0349047058970602,Unhealthy Plant,0
-0.17237828009839468,-1.0436402199328498,Unhealthy Plant,0
-0.19036968900780962,-1.0523757339682593,Unhealthy Plant,0
-0.21735680237193003,-1.0654790050214091,Unhealthy Plant,0
-0.2443439157360146,-1.0785822760745856,Unhealthy Plant,0
-0.2623353246453693,-1.0873177901100395,Unhealthy Plant,0
-0.2893224380093393,-1.1004210611632204,Unhealthy Plant,0
-0.30731384691868535,-1.1091565751987038,Unhealthy Plant,0
-0.32530525582817654,-1.1178920892342596,Unhealthy Plant,0
-0.352292369192138,-1.1309953602874585,Unhealthy Plant,0
-0.3792794825559656,-1.144098631340591,Unhealthy Plant,0
-0.39727089146515815,-1.1528341453760005,Unhealthy Plant,0
-0.4242580048289345,-1.165937416429108,Unhealthy Plant,0
-0.4512451181927081,-1.1790406874822117,Unhealthy Plant,0
-0.46024082264729926,-1.1834084444999131,Unhealthy Plant,0
-0.48722793601107284,-1.1965117155530194,Unhealthy Plant,0
-0.5052193449202552,-1.2052472295884236,Unhealthy Plant,0
-0.5322064582840288,-1.2183505006415298,Unhealthy Plant,0
-0.5591935716478024,-1.231453771694636,Unhealthy Plant,0
-0.5771849805569856,-1.2401892857300405,Unhealthy Plant,0
-0.6041720939052986,-1.2532925567756399,Unhealthy Plant,0
-0.6221635028144793,-1.2620280708110436,Unhealthy Plant,0
-0.6491506161782493,-1.2751313418641483,Unhealthy Plant,0
-0.6671420250874291,-1.2838668558995507,Unhealthy Plant,0
-0.6851334339966092,-1.2926023699349536,Unhealthy Plant,0
-0.7121205473587785,-1.3057056409872807,Unhealthy Plant,0
-0.7301119562679579,-1.3144411550226835,Unhealthy Plant,0
-0.7570990696317291,-1.3275444260757878,Unhealthy Plant,0
-0.7840861829954191,-1.3406476971288537,Unhealthy Plant,0
-0.8020775919044908,-1.3493832111642041,Unhealthy Plant,0
-0.8290647052681827,-1.3624864822172702,Unhealthy Plant,0
-0.8470561141773139,-1.3712219962526482,Unhealthy Plant,0
-0.8650475230864778,-1.3799575102880421,Unhealthy Plant,0
-0.9010303409048231,-1.3974285383588385,Unhealthy Plant,0
-0.919021749814002,-1.4061640523942396,Unhealthy Plant,0
-0.9370131587231811,-1.4148995664296415,Unhealthy Plant,0
-0.955004567632355,-1.42363508046504,Unhealthy Plant,0
-0.9819916809961247,-1.4367383515181416,Unhealthy Plant,0
-1.0089787943598914,-1.4498416225712412,Unhealthy Plant,0
-1.0269702032690655,-1.4585771366066385,Unhealthy Plant,0
-1.0539573166328366,-1.47168040765974,Unhealthy Plant,0
-1.080944429996592,-1.4847836787128343,Unhealthy Plant,0
-1.098935838905765,-1.4935191927482323,Unhealthy Plant,0
-1.1169272478149437,-1.502254706783633,Unhealthy Plant,0
-1.134918656724121,-1.510990220819033,Unhealthy Plant,0
-1.161905770087885,-1.5240934918721332,Unhealthy Plant,0
-1.1888928834516506,-1.5371967629252343,Unhealthy Plant,0
-1.2068842923608196,-1.5459322769606307,Unhealthy Plant,0
-1.2248757012699965,-1.55466779099603,Unhealthy Plant,0
-1.2518628146337651,-1.567771062049132,Unhealthy Plant,0
-1.2788499279975247,-1.5808743331022317,Unhealthy Plant,0
-1.2968413369066958,-1.5896098471376308,Unhealthy Plant,0
-1.31483274581587,-1.598345361173034,Unhealthy Plant,0
-1.3418198591796346,-1.6114486322261405,Unhealthy Plant,0
-1.3598112680888121,-1.6201841462615454,Unhealthy Plant,0
-1.3867983814525793,-1.6332874173146505,Unhealthy Plant,0
-1.413785494816351,-1.6463906883677584,Unhealthy Plant,0
-1.4407726081801182,-1.6594939594208633,Unhealthy Plant,0
-1.4587640170892984,-1.668229473456268,Unhealthy Plant,0
-1.476755425998476,-1.6769649874916717,Unhealthy Plant,0
-1.494746834907652,-1.6857005015270738,Unhealthy Plant,0
-1.521733948271421,-1.6988037725801801,Unhealthy Plant,0
-1.5487210616351956,-1.7119070436332895,Unhealthy Plant,0
-1.5667124705443791,-1.720642557668695,Unhealthy Plant,0
-1.5847038794535626,-1.7293780717041007,Unhealthy Plant,0
-1.6116909928173377,-1.7424813427572095,Unhealthy Plant,0
-1.6296824017265183,-1.751216856792614,Unhealthy Plant,0
-1.6566695150902886,-1.7643201278457215,Unhealthy Plant,0
-1.6746609239994685,-1.7730556418811294,Unhealthy Plant,0
-1.701648037363234,-1.78615891293424,Unhealthy Plant,0
-1.719639446272407,-1.794894426969645,Unhealthy Plant,0
-1.74662655963617,-1.8079976980227552,Unhealthy Plant,0
-1.7736136729999317,-1.8211009690758653,Unhealthy Plant,0
-1.7916050819091047,-1.829836483111271,Unhealthy Plant,0
-1.8185921952728699,-1.842939754164383,Unhealthy Plant,0
-1.8365836041820447,-1.851675268199789,Unhealthy Plant,0
-1.8635707175458043,-1.864778539252898,Unhealthy Plant,0
-1.8905578309095645,-1.8778818103060078,Unhealthy Plant,0
-1.9085492398187367,-1.8866173243414168,Unhealthy Plant,0
-1.9265406487279093,-1.8953528383768257,Unhealthy Plant,0
-1.9535277620916693,-1.9084561094299402,Unhealthy Plant,0
-1.9715191710008426,-1.9171916234653503,Unhealthy Plant,0
-1.9985062843646006,-1.9302948945184657,Unhealthy Plant,0
-2.0164976932737706,-1.9390304085538759,Unhealthy Plant,0
-2.043484806637527,-1.9521336796069915,Unhealthy Plant,0
-2.061476215546701,-1.9608691936424039,Unhealthy Plant,0
-2.0884633289104557,-1.9739724646955195,Unhealthy Plant,0
-2.106454737819623,-1.9827079787309285,Unhealthy Plant,0
-2.1244461467287934,-1.9914434927663391,Unhealthy Plant,0
-2.1514332600925443,-2.0045467638194516,Unhealthy Plant,0
-2.1694246690017147,-2.013282277854862,Unhealthy Plant,0
-2.1964117823654745,-2.0263855489079843,Unhealthy Plant,0
-2.223398895729229,-2.0394888199611088,Unhealthy Plant,0
-2.2413903046384007,-2.048224333996526,Unhealthy Plant,0
-2.268377418002163,-2.0613276050496507,Unhealthy Plant,0
-2.2863688269113402,-2.0700631190850687,Unhealthy Plant,0
-2.3133559402751045,-2.0831663901381945,Unhealthy Plant,0
-2.3313473491842793,-2.091901904173613,Unhealthy Plant,0
-2.3493387580934493,-2.100637418209033,Unhealthy Plant,0
-2.3763258714572015,-2.1137406892621615,Unhealthy Plant,0
-2.403312984820953,-2.126843960315292,Unhealthy Plant,0
-2.421304393730121,-2.135579474350713,Unhealthy Plant,0
-2.439295802639289,-2.1443149883861343,Unhealthy Plant,0
-2.466282916003049,-2.157418259439273,Unhealthy Plant,0
-2.493270029366807,-2.17052153049241,Unhealthy Plant,0
-2.51126143827598,-2.1792570445278385,Unhealthy Plant,0
-2.5292528471851514,-2.1879925585632725,Unhealthy Plant,0
-2.5562399605489055,-2.2010958296164196,Unhealthy Plant,0
-2.5742313694580825,-2.209831343651855,Unhealthy Plant,0
-2.6012184828218383,-2.222934614705004,Unhealthy Plant,0
-2.6282055961855857,-2.23603788575815,Unhealthy Plant,0
-2.646197005094761,-2.244773399793586,Unhealthy Plant,0
-2.673184118458524,-2.2578766708467404,Unhealthy Plant,0
-2.691175527367699,-2.2666121848821765,Unhealthy Plant,0
-2.718162640731462,-2.2797154559353308,Unhealthy Plant,0
-2.7361540496406374,-2.288450969970767,Unhealthy Plant,0
-2.7541454585498126,-2.297186484006203,Unhealthy Plant,0
-2.7811325719135755,-2.3102897550593573,Unhealthy Plant,0
-2.8081196852773385,-2.3233930261125115,Unhealthy Plant,0
-2.8261110941865137,-2.3321285401479477,Unhealthy Plant,0
-2.844102503095689,-2.340864054183384,Unhealthy Plant,0
-2.871089616458928,-2.3539673252362747,Unhealthy Plant,0
-2.88908102536719,-2.362702839271249,Unhealthy Plant,0
-2.9160681387295866,-2.3758061103236954,Unhealthy Plant,0
-2.9430552520919995,-2.38890938137613,Unhealthy Plant,0
-2.9610466610002932,-2.3976448954110836,Unhealthy Plant,0
-2.979038069908598,-2.406380409446031,Unhealthy Plant,0
-3.0060251832710763,-2.419483680498444,Unhealthy Plant,0
-3.0330122966340527,-2.432586951551082,Unhealthy Plant,0
-3.0510037055424375,-2.441322465586034,Unhealthy Plant,0
-3.0779908189049396,-2.4544257366384152,Unhealthy Plant,0
-3.1049779322674973,-2.467529007690806,Unhealthy Plant,0
-3.1139736367216773,-2.4718967647082644,Unhealthy Plant,0
-3.1409607500841994,-2.4850000357606175,Unhealthy Plant,0
-3.1679478634467224,-2.4981033068129492,Unhealthy Plant,0
-3.1859392723550735,-2.5068388208478347,Unhealthy Plant,0
-3.2039306812634245,-2.5155743348827038,Unhealthy Plant,0
-3.2309177946259857,-2.5286776059350067,Unhealthy Plant,0
-3.2489092035343745,-2.537413119969851,Unhealthy Plant,0
-3.2758963168970454,-2.550516391022005,Unhealthy Plant,0
-3.302883430259947,-2.563619662074096,Unhealthy Plant,0
-3.3208748391685456,-2.5723551761087275,Unhealthy Plant,0
-3.347861952531533,-2.585458447160574,Unhealthy Plant,0
-3.3658533614402324,-2.594193961195065,Unhealthy Plant,0
-3.3838447703489636,-2.6029294752294962,Unhealthy Plant,0
-3.410831883712445,-2.6160327462811725,Unhealthy Plant,0
-3.4378189970756963,-2.629136017332686,Unhealthy Plant,0
-3.4558104059845305,-2.6378715313670194,Unhealthy Plant,0
-3.482797519347793,-2.6509748024185127,Unhealthy Plant,0
-3.500788928256645,-2.659710316452837,Unhealthy Plant,0
-3.527776041619909,-2.6728135875043053,Unhealthy Plant,0
-3.545767450528747,-2.681549101538614,Unhealthy Plant,0
-3.5727545638920035,-2.694652372590059,Unhealthy Plant,0
-3.590745972800842,-2.7033878866243537,Unhealthy Plant,0
-3.6177330861641073,-2.716491157675792,Unhealthy Plant,0
-3.6357244950729593,-2.725226671710075,Unhealthy Plant,0
-3.6627116084362212,-2.7383299427614842,Unhealthy Plant,0
-3.6807030173450626,-2.7470654567957467,Unhealthy Plant,0
-3.698694426253904,-2.755800970830007,Unhealthy Plant,0
-3.7256815396171685,-2.768904241881394,Unhealthy Plant,0
-3.752668652980436,-2.7820075129327586,Unhealthy Plant,0
-3.7706600618892807,-2.7907430269669935,Unhealthy Plant,0
-3.7886514707981256,-2.7994785410012217,Unhealthy Plant,0
-3.815638584161393,-2.812581812052562,Unhealthy Plant,0
-3.842625697524652,-2.825685083103891,Unhealthy Plant,0
-3.8606171064334838,-2.8344205971381013,Unhealthy Plant,0
-3.878608515342332,-2.8431561111723065,Unhealthy Plant,0
-3.905595628705605,-2.8562593822235955,Unhealthy Plant,0
-3.9325827420688775,-2.8693626532748846,Unhealthy Plant,0
-3.95956985543215,-2.88246592432615,Unhealthy Plant,0
-3.9775612643409985,-2.891201438360325,Unhealthy Plant,0
-4.004548377704285,-2.9043047094115826,Unhealthy Plant,0
-4.022539786613138,-2.913040223445742,Unhealthy Plant,0
-4.040531195521987,-2.921775737479899,Unhealthy Plant,0
-4.067518308885307,-2.9348790085311327,Unhealthy Plant,0
-4.085509717794191,-2.9436145225652828,Unhealthy Plant,0
-4.112496831157517,-2.956717793616491,Unhealthy Plant,0
-4.130488240066401,-2.965453307650627,Unhealthy Plant,0
-4.157475353429733,-2.978556578701814,Unhealthy Plant,0
-4.175466762338641,-2.9872920927359354,Unhealthy Plant,0
-4.193458171247561,-2.996027606770056,Unhealthy Plant,0
-4.220445284610957,-3.0091308778212316,Unhealthy Plant,0
-4.247432397974368,-3.0222341488723985,Unhealthy Plant,0
-4.265423806883309,-3.030969662906499,Unhealthy Plant,0
-4.29241092024672,-3.0440729339576444,Unhealthy Plant,0
-4.310402329155666,-3.0528084479917283,Unhealthy Plant,0
-4.337389442519088,-3.065911719042849,Unhealthy Plant,0
-4.355380851428036,-3.0746472330769206,Unhealthy Plant,0
-4.382367964791458,-3.087750504128016,Unhealthy Plant,0
-4.400359373700408,-3.0964860181620746,Unhealthy Plant,0
-4.427346487063856,-3.109589289213145,Unhealthy Plant,0
-4.445337895972834,-3.1183248032471895,Unhealthy Plant,0
-4.4723250093362905,-3.131428074298243,Unhealthy Plant,0
-4.490316418245267,-3.140163588332272,Unhealthy Plant,0
-4.508307827154243,-3.1488991023662978,Unhealthy Plant,0
-4.535294940517719,-3.1620023734173355,Unhealthy Plant,0
-4.562282053881224,-3.1751056444683505,Unhealthy Plant,0
-4.5802734627902355,-3.1838411585023585,Unhealthy Plant,0
-4.598264871699247,-3.192576672536365,Unhealthy Plant,0
-4.625251985062765,-3.2056799435873673,Unhealthy Plant,0
-4.6522390984262865,-3.2187832146383513,Unhealthy Plant,0
-4.670230507335313,-3.227518728672337,Unhealthy Plant,0
-4.697217620698874,-3.2406219997232975,Unhealthy Plant,0
-4.715209029607914,-3.2493575137572663,Unhealthy Plant,0
-4.7421961429714745,-3.262460784808205,Unhealthy Plant,0
-4.760187551880515,-3.2711962988421575,Unhealthy Plant,0
-4.7871746652440885,-3.2842995698930775,Unhealthy Plant,0
-4.805166074153143,-3.293035083927016,Unhealthy Plant,0
-4.832153187516725,-3.3061383549779086,Unhealthy Plant,0
-4.850144596425779,-3.3148738690118313,Unhealthy Plant,0
-4.877131709789381,-3.327977140062712,Unhealthy Plant,0
-4.8951231186984545,-3.3367126540966257,Unhealthy Plant,0
-4.913114527607537,-3.345448168130537,Unhealthy Plant,0
-4.940101640971162,-3.3585514391813907,Unhealthy Plant,0
-4.958093049880245,-3.3672869532152863,Unhealthy Plant,0
-4.985080163243869,-3.380390224266123,Unhealthy Plant,0
-5.003071572152952,-3.3891257383000064,Unhealthy Plant,0
-5.030058685516595,-3.402229009350822,Unhealthy Plant,0
-5.048050094425698,-3.4109645233846937,Unhealthy Plant,0
-5.075037207789355,-3.42406779443549,Unhealthy Plant,0
-5.093028616698459,-3.4328033084693486,Unhealthy Plant,0
-5.129011434516673,-3.450274336537047,Unhealthy Plant,0
-5.147002843425784,-3.4590098505708915,Unhealthy Plant,0
-5.164994252334901,-3.467745364604735,Unhealthy Plant,0
-5.182985661244019,-3.4764808786385664,Unhealthy Plant,0
-5.209972774607697,-3.4895841496893056,Unhealthy Plant,0
-5.236959887971374,-3.5026874207400347,Unhealthy Plant,0
-5.254951296880493,-3.5114229347738473,Unhealthy Plant,0
-5.272942705789618,-3.520158448807653,Unhealthy Plant,0
-5.299929819153321,-3.533261719858355,Unhealthy Plant,0
-5.3269169325170385,-3.5463649909090478,Unhealthy Plant,0
-5.344908341426192,-3.555100504942841,Unhealthy Plant,0
-5.371895454789923,-3.5682037759935166,Unhealthy Plant,0
-5.389886863699077,-3.5769392900272936,Unhealthy Plant,0
-5.41687397706283,-3.5900425610779454,Unhealthy Plant,0
-5.434865385971998,-3.598778075111707,Unhealthy Plant,0
-5.452856794881166,-3.6075135891454617,Unhealthy Plant,0
-5.479843908244918,-3.620616860196083,Unhealthy Plant,0
-5.50683102160867,-3.63372013124669,Unhealthy Plant,0
-5.524822430517858,-3.6424556452804207,Unhealthy Plant,0
-5.542813839427048,-3.6511911593141453,Unhealthy Plant,0
-5.569800952790832,-3.664294430364719,Unhealthy Plant,0
-5.587792361700021,-3.6730299443984284,Unhealthy Plant,0
-5.623775179518415,-3.6905009724658275,Unhealthy Plant,0
-5.632770883973017,-3.6948687294826743,Unhealthy Plant,0
-5.668753701791425,-3.7123397575500423,Unhealthy Plant,0
-5.6777494062460265,-3.716707514566881,Unhealthy Plant,0
-5.704736519609832,-3.7298107856173885,Unhealthy Plant,0
-5.731723632973647,-3.742914056667879,Unhealthy Plant,0
-5.749715041882872,-3.751649570701533,Unhealthy Plant,0
-5.767706450792097,-3.76038508473518,Unhealthy Plant,0
-5.8036892686105475,-3.777856112802458,Unhealthy Plant,0
-5.81268497306516,-3.782223869819274,Unhealthy Plant,0
-5.8396720864290135,-3.7953271408697105,Unhealthy Plant,0
-5.857663495338253,-3.8040626549033276,Unhealthy Plant,0
-5.8846506087021115,-3.81716592595374,Unhealthy Plant,0
-5.91163772206597,-3.830269197004142,Unhealthy Plant,0
-5.92962913097521,-3.8390047110377323,Unhealthy Plant,0
-5.956616244339091,-3.85210798208811,Unhealthy Plant,0
-5.9836033577029815,-3.865211253138473,Unhealthy Plant,0
-6.001594766612242,-3.873946767172041,Unhealthy Plant,0
-6.0195861755215025,-3.8826822812056045,Unhealthy Plant,0
-6.046573288885404,-3.8957855522559344,Unhealthy Plant,0
-6.064564697794679,-3.904521066289481,Unhealthy Plant,0
-6.091551811158591,-3.9176243373397877,Unhealthy Plant,0
-6.109543220067866,-3.9263598513733196,Unhealthy Plant,0
-6.136530333431778,-3.9394631224236036,Unhealthy Plant,0
-6.154521742341055,-3.9481986364571204,Unhealthy Plant,0
-6.181508855704999,-3.9613019075073823,Unhealthy Plant,0
-6.199500264614295,-3.9700374215408822,Unhealthy Plant,0
-6.2174916735235914,-3.978772935574377,Unhealthy Plant,0
-6.2444787868875355,-3.991876206624606,Unhealthy Plant,0
-6.271465900251497,-4.004979477674827,Unhealthy Plant,0
-6.289457309160808,-4.013714991708304,Unhealthy Plant,0
-6.316444422524773,-4.026818262758493,Unhealthy Plant,0
-6.334435831434083,-4.035553776791939,Unhealthy Plant,0
-6.352427240343394,-4.044289290825386,Unhealthy Plant,0
-6.379414353707374,-4.057392561875556,Unhealthy Plant,0
-6.397405762616706,-4.066128075908994,Unhealthy Plant,0
-6.424392875980703,-4.079231346959125,Unhealthy Plant,0
-6.442384284890035,-4.087966860992536,Unhealthy Plant,0
-6.4693713982540375,-4.101070132042652,Unhealthy Plant,0
-6.487362807163383,-4.1098056460760635,Unhealthy Plant,0
-6.514349920527402,-4.12290891712616,Unhealthy Plant,0
-6.541337033891421,-4.136012188176223,Unhealthy Plant,0
-6.559328442800769,-4.1447477022096,Unhealthy Plant,0
-6.577319851710122,-4.153483216242976,Unhealthy Plant,0
-6.6043069650741515,-4.166586487293024,Unhealthy Plant,0
-6.6222983739835115,-4.175322001326371,Unhealthy Plant,0
-6.6492854873475515,-4.188425272376392,Unhealthy Plant,0
-6.6672768962569116,-4.1971607864097376,Unhealthy Plant,0
-6.694264009620978,-4.210264057459748,Unhealthy Plant,0
-6.721251122985061,-4.223367328509722,Unhealthy Plant,0
-6.739242531894449,-4.232102842543034,Unhealthy Plant,0
-6.766229645258524,-4.245206113593001,Unhealthy Plant,0
-6.784221054167906,-4.253941627626303,Unhealthy Plant,0
-6.811208167532001,-4.267044898676239,Unhealthy Plant,0
-6.829199576441408,-4.275780412709526,Unhealthy Plant,0
-6.847190985350818,-4.284515926742802,Unhealthy Plant,0
-6.874178098714933,-4.297619197792716,Unhealthy Plant,0
-6.901165212079047,-4.310722468842606,Unhealthy Plant,0
-6.919156620988457,-4.319457982875861,Unhealthy Plant,0
-6.946143734352572,-4.33256125392573,Unhealthy Plant,0
-6.964135143261982,-4.341296767958971,Unhealthy Plant,0
-6.982126552171391,-4.350032281992209,Unhealthy Plant,0
-7.001917101972094,-4.359641347428918,Unhealthy Plant,0
-7.001917101972146,-4.359641347428937,Unhealthy Plant,0
-7.001917101972146,-4.359641347428937,Unhealthy Plant,0
-7.001917101972146,-4.359641347428937,Unhealthy Plant,0
-7.001917101972146,-4.359641347428937,Unhealthy Plant,0
-7.001917101972146,-4.359641347428937,Unhealthy Plant,0
-7.001917101972146,-4.359641347428937,Unhealthy Plant,0
-7.001917101972146,-4.359641347428937,Unhealthy Plant,0
-7.001917101972146,-4.359641347428937,Unhealthy Plant,0
-7.001917101972146,-4.359641347428937,Unhealthy Plant,0
-7.001917101972146,-4.359641347428937,Unhealthy Plant,0
-7.001917101972146,-4.359641347428937,Unhealthy Plant,0
-7.001917101972146,-4.359641347428937,Unhealthy Plant,0
-7.001917101972146,-4.359641347428937,Unhealthy Plant,0
-7.001917101972146,-4.359641347428937,Unhealthy Plant,0
-7.001917101972146,-4.359641347428937,Unhealthy Plant,0
-7.001917101972146,-4.359641347428937,Unhealthy Plant,0
-7.001917101972146,-4.359641347428937,Unhealthy Plant,0
-7.001917101972146,-4.359641347428937,Unhealthy Plant,0
-7.001917101972146,-4.359641347428937,Unhealthy Plant,0
-7.001917101972146,-4.359641347428937,Unhealthy Plant,0
-7.001917101972146,-4.359641347428937,Unhealthy Plant,0
-7.001917101972146,-4.359641347428937,Unhealthy Plant,0
-7.001917101972146,-4.359641347428937,Unhealthy Plant,0
-7.001917101972146,-4.359641347428937,Unhealthy Plant,0
-7.001917101972146,-4.359641347428937,Unhealthy Plant,0
-7.001917101972146,-4.359641347428937,Unhealthy Plant,0
-7.001917101972146,-4.359641347428937,Unhealthy Plant,0
-7.001917101972146,-4.359641347428937,Unhealthy Plant,0
-7.001917101972146,-4.359641347428937,Unhealthy Plant,0
-7.001917101972146,-4.359641347428937,Unhealthy Plant,0
-7.001917101972146,-4.359641347428937,Unhealthy Plant,0
-7.001917101972146,-4.359641347428937,Unhealthy Plant,0
-7.001917101972146,-4.359641347428937,Unhealthy Plant,0
-7.001917101972146,-4.359641347428937,Unhealthy Plant,0
-7.001917101972146,-4.359641347428937,Unhealthy Plant,0
-7.001917101972146,-4.359641347428937,Unhealthy Plant,0
-7.001917101972146,-4.359641347428937,Unhealthy Plant,0
-7.001917101972146,-4.359641347428937,Unhealthy Plant,0
-7.001917101972146,-4.359641347428937,Unhealthy Plant,0
-7.001917101972146,-4.359641347428937,Unhealthy Plant,0
-7.001917101972146,-4.359641347428937,Unhealthy Plant,0
-7.001917101972146,-4.359641347428937,Unhealthy Plant,0
-7.001917101972146,-4.359641347428937,Unhealthy Plant,0
-7.001917101972146,-4.359641347428937,Unhealthy Plant,0
-7.001917101972146,-4.359641347428937,Unhealthy Plant,0
-7.001917101972146,-4.359641347428937,Unhealthy Plant,0
-7.001917101972146,-4.359641347428937,Unhealthy Plant,0
-7.001917101972146,-4.359641347428937,Unhealthy Plant,0
-7.001917101972146,-4.359641347428937,Unhealthy Plant,0
-7.001917101972146,-4.359641347428937,Unhealthy Plant,0
-7.001917101972146,-4.359641347428937,Unhealthy Plant,0
-7.001917101972146,-4.359641347428937,Unhealthy Plant,0
-7.001917101972146,-4.359641347428937,Unhealthy Plant,0
-7.001917101972146,-4.359641347428937,Unhealthy Plant,0
-7.001917101972146,-4.359641347428937,Unhealthy Plant,0
-7.001917101972146,-4.359641347428937,Unhealthy Plant,0
-7.001917101972146,-4.359641347428937,Unhealthy Plant,0
-7.001917101972146,-4.359641347428937,Unhealthy Plant,0
-7.001917101972146,-4.359641347428937,Unhealthy Plant,0
-7.001917101972146,-4.359641347428937,Unhealthy Plant,0
-7.001917101972146,-4.359641347428937,Unhealthy Plant,0
-7.001917101972146,-4.359641347428937,Unhealthy Plant,0
-7.001917101972146,-4.359641347428937,Unhealthy Plant,0
-7.001917101972146,-4.359641347428937,Unhealthy Plant,0
-7.001917101972146,-4.359641347428937,Unhealthy Plant,0
-7.001917101972146,-4.359641347428937,Unhealthy Plant,0
-7.001917101972146,-4.359641347428937,Unhealthy Plant,0
-7.001917101972146,-4.359641347428937,Unhealthy Plant,0
-7.001917101972146,-4.359641347428937,Unhealthy Plant,0
-7.001917101972146,-4.359641347428937,Unhealthy Plant,0
-7.001917101972146,-4.359641347428937,Unhealthy Plant,0
-7.001917101972146,-4.359641347428937,Unhealthy Plant,0
-7.001917101972146,-4.359641347428937,Unhealthy Plant,0
-7.001917101972146,-4.359641347428937,Unhealthy Plant,0
-7.001917101972146,-4.359641347428937,Unhealthy Plant,0
-7.001917101972146,-4.359641347428937,Unhealthy Plant,0
-7.001917101972146,-4.359641347428937,Unhealthy Plant,0
-7.001917101972146,-4.359641347428937,Unhealthy Plant,0
-7.001917101972146,-4.359641347428937,Unhealthy Plant,0
-7.001917101972146,-4.359641347428937,Unhealthy Plant,0
-7.001917101972146,-4.359641347428937,Unhealthy Plant,0
-7.001917101972146,-4.359641347428937,Unhealthy Plant,0
-7.001917101972146,-4.359641347428937,Unhealthy Plant,0
-7.001917101972146,-4.359641347428937,Unhealthy Plant,0
-7.001917101972146,-4.359641347428937,Unhealthy Plant,0
-7.001917101972146,-4.359641347428937,Unhealthy Plant,0
-7.001917101972146,-4.359641347428937,Unhealthy Plant,0
-7.001917101972146,-4.359641347428937,Unhealthy Plant,0
